Player,Pos,Age,Team,Games,GS,MP,FG,FGA,FG%,3P,3PA,3P%,2P,2PA,2P%,FT,FTA,FT%,ORB,DRB,TRB,AST,STL,BLK,TOV,PF,PTS,
Steven Adams,C,26,OKC,58,58,1564,6.0,10.2,.591,0.0,0.1,.333,6.0,10.1,.593,2.5,4.2,.590,4.5,8.0,12.5,3.2,1.2,1.5,2.0,2.6,14.6
Bam Adebayo,PF,22,MIA,65,65,2235,6.6,11.6,.567,0.0,0.2,.077,6.6,11.4,.576,3.8,5.5,.690,2.7,8.3,11.0,5.4,1.3,1.4,3.0,2.6,17.0
LaMarcus Aldridge,C,34,SAS,53,53,1754,8.0,16.3,.493,1.3,3.2,.389,6.8,13.1,.519,3.2,3.9,.827,2.1,5.9,8.0,2.6,0.7,1.8,1.5,2.6,20.5
Nickeil Alexander-Walker,SG,21,NOP,41,0,501,5.5,16.3,.339,2.9,8.4,.342,2.7,7.9,.336,1.2,2.0,.607,0.6,5.2,5.7,5.3,0.8,0.5,2.9,3.3,15.2
Grayson Allen,SG,24,MEM,30,0,498,5.7,12.7,.449,2.4,6.6,.363,3.3,6.1,.541,2.2,2.5,.857,0.4,4.4,4.8,3.1,0.4,0.1,1.7,2.6,16.0
Jarrett Allen,C,21,BRK,64,58,1647,5.8,9.0,.646,0.0,0.1,.000,5.8,8.9,.654,3.2,5.2,.620,4.3,9.0,13.2,1.9,0.8,1.9,1.6,3.1,14.9
Kadeem Allen,SG,27,NYK,10,0,117,5.8,13.5,.432,1.5,4.9,.313,4.3,8.6,.500,2.2,3.4,.636,0.6,2.2,2.8,6.5,1.5,0.6,2.5,2.2,15.4
Al-Farouq Aminu,PF,29,ORL,18,2,380,2.4,8.1,.291,0.9,3.4,.250,1.5,4.7,.320,1.8,2.7,.655,2.3,6.0,8.2,2.0,1.7,0.8,1.6,2.6,7.4
Justin Anderson,SF,26,BRK,3,0,17,2.1,12.7,.167,0.0,6.4,.000,2.1,6.4,.333,2.1,4.2,.500,0.0,4.2,4.2,0.0,0.0,2.1,0.0,4.2,6.4
Kyle Anderson,PF,26,MEM,59,20,1140,4.4,8.8,.493,0.5,2.0,.258,3.9,6.9,.560,1.4,2.1,.652,1.7,6.4,8.1,4.2,1.5,1.0,1.7,2.7,10.6
Ryan Anderson,PF,31,HOU,2,0,14,5.1,18.0,.286,2.6,12.9,.200,2.6,5.1,.500,0.0,0.0,,0.0,18.0,18.0,5.1,2.6,0.0,2.6,2.6,12.9
Giannis Antetokounmpo,PF,25,MIL,57,57,1763,12.7,23.3,.547,1.7,5.5,.306,11.0,17.7,.622,7.4,11.6,.633,2.7,13.3,16.0,6.7,1.2,1.2,4.3,3.5,34.5
Kostas Antetokounmpo,PF,22,LAL,3,0,5,0.0,0.0,,0.0,0.0,,0.0,0.0,,0.0,0.0,,0.0,7.2,7.2,7.2,0.0,0.0,0.0,0.0,0.0
Thanasis Antetokounmpo,SF,27,MIL,18,2,93,7.4,13.9,.528,0.0,2.7,.000,7.4,11.2,.655,2.7,5.8,.467,4.3,3.1,7.4,3.5,2.3,0.8,4.3,5.0,17.4
Carmelo Anthony,PF,35,POR,50,50,1623,6.4,15.1,.426,1.6,4.3,.371,4.8,10.8,.447,2.5,3.0,.843,1.4,5.6,6.9,1.8,0.9,0.5,1.9,3.1,16.9
OG Anunoby,SF,22,TOR,63,62,1897,5.1,10.0,.507,1.6,4.1,.381,3.5,5.9,.593,1.1,1.6,.686,1.4,5.1,6.5,1.9,1.7,0.8,1.4,2.9,12.8
Ryan Arcidiacono,PG,25,CHI,58,4,930,3.5,8.5,.409,2.1,5.3,.391,1.4,3.2,.439,1.0,1.5,.711,0.8,3.5,4.3,3.7,1.0,0.1,1.4,3.7,10.1
Trevor Ariza,SF,34,TOT,53,21,1493,3.4,7.8,.438,1.9,5.0,.372,1.6,2.8,.556,1.5,1.8,.838,0.8,5.1,5.9,2.2,1.7,0.4,1.4,2.7,10.2
Trevor Ariza,SF,34,SAC,32,0,791,2.9,7.5,.388,2.0,5.6,.352,1.0,2.0,.488,1.0,1.2,.778,1.0,5.7,6.6,2.3,1.6,0.3,1.3,2.9,8.7
Trevor Ariza,SF,34,POR,21,21,702,4.0,8.2,.491,1.7,4.4,.400,2.3,3.8,.595,2.1,2.4,.872,0.7,4.5,5.1,2.1,1.7,0.4,1.4,2.5,11.8
D.J. Augustin,PG,32,ORL,49,6,1215,4.6,11.8,.393,1.8,5.2,.345,2.8,6.6,.430,4.1,4.7,.885,0.5,2.7,3.2,6.6,0.9,0.0,2.0,1.6,15.1
Deandre Ayton,C,21,PHO,30,25,996,9.2,16.8,.548,0.0,0.1,.000,9.2,16.7,.552,2.2,2.8,.769,4.4,8.6,13.0,2.1,0.8,1.8,2.6,3.5,20.6
,,,,,,,,,,,,,,,,,,,,,,,,,,,
Dwayne Bacon,SG,24,CHO,39,11,687,4.5,12.8,.348,1.0,3.5,.284,3.5,9.3,.373,1.8,2.8,.660,0.8,4.5,5.2,2.7,1.2,0.1,1.9,2.7,11.7
Marvin Bagley III,PF,20,SAC,13,6,334,8.4,18.0,.467,0.4,2.4,.182,8.0,15.6,.510,2.7,3.3,.806,3.1,7.3,10.5,1.1,0.6,1.3,1.9,4.6,19.9
Lonzo Ball,PG,22,NOP,56,47,1817,5.1,12.4,.412,2.8,7.2,.383,2.4,5.3,.453,0.8,1.3,.567,1.2,5.6,6.9,7.8,1.6,0.6,3.4,2.2,13.8
Mo Bamba,C,21,ORL,60,0,868,5.5,11.7,.468,1.5,4.3,.356,3.9,7.4,.534,1.3,1.9,.674,4.1,8.3,12.4,1.7,0.9,3.5,1.7,4.8,13.8
J.J. Barea,PG,35,DAL,26,4,391,6.8,16.5,.413,2.7,7.0,.382,4.1,9.5,.437,1.6,1.7,.944,0.9,3.5,4.4,9.1,0.4,0.2,3.2,2.3,17.9
Harrison Barnes,PF,27,SAC,64,64,2231,5.3,11.5,.459,1.5,3.9,.383,3.8,7.6,.498,3.2,3.9,.803,1.0,4.0,4.9,2.5,0.6,0.2,1.3,1.3,15.2
RJ Barrett,SG,19,NYK,56,55,1704,6.2,15.4,.402,1.3,4.2,.320,4.8,11.2,.432,3.3,5.4,.614,1.1,4.8,5.9,3.0,1.2,0.4,2.6,2.6,17.0
Will Barton,SF,29,DEN,58,58,1916,6.2,13.9,.450,2.0,5.4,.375,4.2,8.5,.498,1.9,2.5,.767,1.4,5.4,6.9,4.0,1.1,0.5,1.7,2.3,16.4
Keita Bates-Diop,SF,24,TOT,39,0,665,4.8,11.3,.428,1.7,5.1,.330,3.1,6.2,.509,2.7,3.7,.710,1.1,4.9,6.1,1.6,0.9,1.1,0.8,2.1,14.0
Keita Bates-Diop,SF,24,MIN,37,0,646,4.8,11.5,.422,1.7,5.2,.330,3.1,6.2,.500,2.6,3.6,.708,1.2,5.0,6.1,1.7,0.9,1.1,0.8,2.0,14.0
Keita Bates-Diop,SF,24,DEN,2,0,19,3.8,3.8,1.000,0.0,0.0,,3.8,3.8,1.000,5.7,7.6,.750,0.0,3.8,3.8,0.0,0.0,1.9,0.0,3.8,13.3
Nicolas Batum,SF,31,CHO,22,3,505,2.0,5.8,.346,1.0,3.5,.286,1.0,2.3,.438,0.6,0.7,.900,1.8,5.3,7.1,4.7,1.2,0.6,1.6,2.9,5.6
Aron Baynes,C,33,PHO,42,28,934,7.1,14.7,.480,2.3,6.5,.351,4.8,8.2,.582,2.2,2.9,.747,2.7,6.4,9.1,2.6,0.4,0.9,1.9,5.4,18.5
Kent Bazemore,SF-SG,30,TOT,64,21,1604,4.2,11.1,.374,1.8,5.1,.342,2.4,6.0,.401,2.4,3.2,.768,0.5,5.7,6.2,1.9,1.6,0.9,1.9,4.1,12.5
Kent Bazemore,SF,30,POR,43,21,1111,3.7,10.6,.347,1.8,5.5,.327,1.8,5.0,.368,1.9,2.3,.806,0.4,5.2,5.6,2.0,1.5,1.0,1.9,3.9,11.0
Kent Bazemore,SG,30,SAC,21,0,493,5.3,12.3,.426,1.6,4.2,.386,3.7,8.2,.446,3.7,5.1,.729,0.8,6.9,7.7,1.8,1.8,0.6,1.8,4.5,15.8
Darius Bazley,PF,19,OKC,53,8,909,3.5,9.1,.383,1.2,4.0,.300,2.3,5.1,.446,1.3,1.9,.681,0.8,6.9,7.8,1.1,0.8,1.4,1.6,1.8,9.4
Bradley Beal,SG,26,WAS,57,57,2053,10.4,22.8,.455,3.0,8.4,.353,7.4,14.4,.515,6.8,8.0,.842,0.9,3.3,4.2,6.1,1.2,0.4,3.4,2.2,30.5
Malik Beasley,SG,23,TOT,55,14,1209,6.8,15.9,.425,3.2,8.2,.388,3.6,7.7,.465,1.6,2.0,.818,0.5,3.9,4.4,2.2,1.2,0.2,1.7,2.3,18.3
Malik Beasley,SG,23,DEN,41,0,746,5.6,14.5,.389,2.8,7.8,.360,2.8,6.8,.421,1.6,1.8,.868,0.4,3.3,3.7,2.3,1.5,0.3,1.7,2.4,15.7
Malik Beasley,SG,23,MIN,14,14,463,8.6,18.1,.472,3.8,8.9,.426,4.7,9.2,.517,1.6,2.2,.750,0.7,4.8,5.5,2.1,0.7,0.2,1.6,2.1,22.5
Marco Belinelli,SG,33,SAS,52,0,779,4.9,12.5,.391,2.6,7.2,.368,2.3,5.4,.422,1.5,1.9,.780,0.2,4.0,4.2,3.0,0.5,0.0,0.7,1.9,13.9
Jordan Bell,C-PF,25,TOT,29,0,256,4.9,9.4,.522,0.6,1.7,.333,4.4,7.7,.564,2.7,4.4,.613,4.2,7.2,11.4,2.3,0.4,1.4,3.0,2.7,13.1
Jordan Bell,C,25,MIN,27,0,235,4.9,9.2,.533,0.3,1.4,.222,4.6,7.8,.588,2.6,4.4,.586,4.3,7.7,11.9,2.1,0.3,1.5,2.8,2.6,12.7
Jordan Bell,PF,25,MEM,2,0,21,5.1,12.0,.429,3.4,5.1,.667,1.7,6.9,.250,3.4,3.4,1.000,3.4,1.7,5.1,3.4,1.7,0.0,5.1,3.4,17.1
DeAndre' Bembry,SG,25,ATL,43,4,915,4.1,9.0,.456,0.6,2.6,.231,3.5,6.4,.546,1.0,1.9,.542,1.3,4.6,6.0,3.2,2.2,0.7,2.4,3.3,9.8
Dragan Bender,SF,22,TOT,16,3,286,5.2,11.6,.446,1.9,5.4,.349,3.3,6.2,.531,1.3,1.8,.714,2.0,7.2,9.2,3.5,0.5,1.1,2.6,5.3,13.5
Dragan Bender,SF,22,MIL,7,0,91,4.0,8.3,.476,1.6,3.6,.444,2.4,4.7,.500,0.8,1.2,.667,0.0,7.9,7.9,3.6,0.0,2.0,2.0,6.3,10.3
Dragan Bender,SF,22,GSW,9,3,195,5.7,13.1,.437,2.0,6.3,.324,3.7,6.8,.541,1.5,2.0,.727,3.0,6.8,9.8,3.5,0.7,0.7,3.0,4.8,15.0
Davis Bertans,PF,27,WAS,54,4,1583,6.0,13.9,.434,4.5,10.7,.424,1.5,3.1,.471,2.4,2.8,.852,0.8,4.8,5.6,2.1,0.8,0.8,1.3,3.2,19.0
,,,,,,,,,,,,,,,,,,,,,,,,,,,
Patrick Beverley,PG,31,LAC,48,48,1299,3.9,9.0,.428,2.1,5.5,.379,1.8,3.5,.504,0.7,1.1,.659,1.6,5.6,7.2,5.0,1.5,0.7,1.8,4.2,10.5
Khem Birch,C,27,ORL,40,24,777,2.6,5.3,.487,0.0,0.0,.000,2.6,5.3,.491,1.9,3.1,.612,3.2,5.1,8.3,1.6,0.7,1.0,1.1,3.4,7.1
Goga Bitadze,C,20,IND,49,2,410,5.4,11.3,.473,0.5,3.2,.167,4.8,8.2,.591,2.1,2.9,.727,1.9,6.5,8.4,1.8,0.5,2.8,2.2,5.0,13.3
Bismack Biyombo,C,27,CHO,53,29,1029,5.3,9.7,.543,0.0,0.0,,5.3,9.7,.543,3.2,5.3,.603,4.2,6.6,10.8,1.7,0.3,1.7,1.7,4.1,13.7
Nemanja Bjelica,PF,31,SAC,64,61,1821,5.7,11.9,.475,2.5,5.8,.424,3.2,6.1,.524,1.2,1.4,.822,2.1,6.0,8.1,3.5,1.1,0.7,1.8,3.8,15.0
Eric Bledsoe,PG,30,MIL,56,56,1524,7.5,15.6,.482,1.7,4.7,.348,5.9,10.9,.540,3.7,4.6,.813,1.0,5.1,6.1,7.1,1.3,0.6,3.3,2.8,20.4
Bogdan Bogdanovic,SG,27,SAC,53,20,1510,6.6,15.2,.433,3.3,9.1,.361,3.3,6.2,.541,1.8,2.5,.724,0.4,3.7,4.1,4.0,1.3,0.3,2.1,2.7,18.3
Bojan Bogdanovic,SF,30,UTA,63,63,2083,7.2,16.2,.447,3.3,7.9,.414,4.0,8.3,.479,4.3,4.8,.903,0.7,3.8,4.5,2.3,0.6,0.1,2.7,1.9,22.0
Jonah Bolden,PF,24,TOT,7,0,47,3.1,8.4,.364,0.0,3.1,.000,3.1,5.4,.571,1.5,3.1,.500,2.3,4.6,6.9,0.0,2.3,1.5,1.5,7.7,7.7
Jonah Bolden,PF,24,PHI,4,0,14,5.1,7.7,.667,0.0,2.6,.000,5.1,5.1,1.000,0.0,5.1,.000,0.0,2.6,2.6,0.0,2.6,0.0,5.1,10.3,10.3
Jonah Bolden,PF,24,PHO,3,0,33,2.2,8.7,.250,0.0,3.3,.000,2.2,5.5,.400,2.2,2.2,1.000,3.3,5.5,8.7,0.0,2.2,2.2,0.0,6.5,6.5
Marques Bolden,C,21,CLE,1,0,3,0.0,0.0,,0.0,0.0,,0.0,0.0,,0.0,0.0,,0.0,24.0,24.0,0.0,12.0,0.0,0.0,12.0,0.0
Jordan Bone,PG,22,DET,10,0,53,3.4,13.6,.250,1.4,6.8,.200,2.0,6.8,.300,0.0,0.0,,0.0,2.7,2.7,5.4,0.7,0.0,1.4,4.1,8.2
Isaac Bonga,SF,20,WAS,58,41,1025,3.4,6.5,.522,0.8,1.9,.400,2.6,4.5,.574,1.8,2.2,.813,2.1,4.3,6.4,2.1,1.3,0.7,1.4,4.8,9.3
Devin Booker,SG,23,PHO,62,62,2241,8.7,18.0,.487,2.0,5.6,.360,6.7,12.3,.544,6.5,7.1,.916,0.4,3.7,4.1,6.6,0.7,0.3,3.9,3.0,26.0
Chris Boucher,PF,27,TOR,55,0,724,5.9,12.9,.458,1.4,4.9,.283,4.5,8.0,.565,4.1,5.1,.796,4.7,7.4,12.0,1.1,1.0,2.6,1.1,5.2,17.3
Brian Bowen,SG,21,IND,5,1,29,2.5,11.2,.222,0.0,2.5,.000,2.5,8.7,.286,0.0,0.0,,1.2,7.4,8.7,0.0,0.0,1.2,1.2,2.5,5.0
Ky Bowman,PG,22,GSW,45,12,1015,4.8,11.4,.417,1.2,3.8,.308,3.6,7.6,.472,1.2,1.5,.829,0.9,3.4,4.3,4.6,1.6,0.4,2.5,3.6,11.9
Avery Bradley,SG,29,LAL,49,44,1186,5.2,11.6,.444,1.9,5.3,.364,3.2,6.4,.510,0.6,0.7,.833,0.5,2.9,3.5,1.9,1.3,0.2,1.4,3.3,12.8
Tony Bradley,C,22,UTA,50,2,535,6.9,10.4,.665,0.1,0.1,1.000,6.9,10.4,.662,1.7,2.7,.650,6.1,8.5,14.5,1.1,0.8,1.7,1.5,6.6,15.7
Jarrell Brantley,PF,23,UTA,5,0,13,0.0,0.0,,0.0,0.0,,0.0,0.0,,0.0,0.0,,0.0,13.8,13.8,2.8,0.0,5.5,5.5,5.5,0.0
Ignas Brazdeikis,SF,21,NYK,9,0,53,4.1,14.9,.273,0.7,6.1,.111,3.4,8.8,.385,2.7,3.4,.800,1.4,2.0,3.4,2.7,0.0,0.7,1.4,2.0,11.5
,,,,,,,,,,,,,,,,,,,,,,,,,,,
Mikal Bridges,SF,23,PHO,65,24,1772,4.3,8.3,.516,1.1,3.2,.352,3.1,5.0,.621,1.8,2.1,.848,1.2,4.1,5.3,2.3,1.9,0.8,1.3,2.9,11.5
Miles Bridges,SF,21,CHO,65,64,1995,5.8,13.6,.424,1.8,5.4,.330,4.0,8.2,.486,1.9,2.4,.809,1.6,4.9,6.5,2.1,0.7,0.9,1.7,2.4,15.2
Oshae Brissett,SF,21,TOR,19,0,135,3.5,9.6,.361,0.8,4.0,.200,2.7,5.6,.476,2.1,2.7,.800,2.4,4.5,6.9,1.9,1.1,0.3,1.9,4.8,9.9
Ryan Broekhoff,SG,29,DAL,17,1,180,4.4,11.8,.373,4.0,10.2,.392,0.4,1.6,.250,1.4,1.6,.875,1.0,7.6,8.6,2.2,1.0,0.8,1.2,3.0,14.2
Malcolm Brogdon,PG,27,IND,48,48,1472,7.1,16.1,.439,1.5,4.8,.313,5.6,11.3,.491,3.5,4.0,.895,1.0,4.5,5.5,8.4,0.8,0.2,2.8,2.2,19.2
Dillon Brooks,SG,24,MEM,65,65,1851,7.2,18.0,.402,2.6,7.0,.369,4.7,11.0,.423,2.8,3.5,.809,1.2,3.0,4.1,2.5,1.1,0.5,2.1,4.8,19.8
Bruce Brown,SG,23,DET,58,43,1634,4.4,9.8,.443,0.7,2.1,.344,3.6,7.7,.470,1.9,2.6,.739,1.3,4.7,6.0,5.1,1.4,0.6,2.2,3.6,11.4
Charlie Brown,SG,22,ATL,10,0,40,5.4,17.1,.316,2.7,8.1,.333,2.7,9.0,.300,4.5,4.5,1.000,1.8,1.8,3.6,1.8,1.8,1.8,2.7,2.7,18.0
Jaylen Brown,SF,23,BOS,50,50,1702,8.0,16.3,.490,2.3,5.9,.381,5.7,10.4,.552,3.4,4.6,.736,1.1,5.6,6.7,2.3,1.2,0.3,2.5,3.2,21.6
Moses Brown,C,20,POR,9,0,33,4.4,10.9,.400,0.0,0.0,,4.4,10.9,.400,3.3,8.7,.375,3.3,12.0,15.3,1.1,1.1,1.1,3.3,7.6,12.0
Sterling Brown,SF,24,MIL,45,1,665,4.3,11.8,.367,1.9,6.2,.316,2.4,5.6,.423,1.5,1.9,.771,1.5,7.4,8.9,2.5,1.2,0.4,1.9,2.4,12.1
Troy Brown Jr.,SG,20,WAS,61,14,1519,5.4,12.0,.453,1.2,3.4,.345,4.2,8.6,.496,2.0,2.7,.754,1.5,6.2,7.7,3.4,1.8,0.1,1.5,2.6,14.1
Jalen Brunson,PG,23,DAL,57,16,1022,6.4,13.7,.466,1.5,4.2,.358,4.9,9.4,.515,2.1,2.6,.813,0.8,3.9,4.7,6.6,0.8,0.1,2.3,2.6,16.4
Thomas Bryant,C,22,WAS,38,28,901,7.4,12.3,.599,0.9,2.2,.407,6.5,10.1,.640,2.8,3.8,.737,3.0,7.4,10.4,2.8,0.6,1.3,1.9,3.4,18.4
Reggie Bullock,SG,28,NYK,29,19,684,4.7,11.8,.402,1.9,5.8,.333,2.8,5.9,.469,0.9,1.1,.810,0.7,2.9,3.6,2.2,1.3,0.2,1.0,2.9,12.3
Trey Burke,PG,27,PHI,25,0,329,6.5,13.9,.465,1.8,4.2,.421,4.7,9.7,.483,1.4,2.0,.722,1.6,2.2,3.8,5.8,0.8,0.1,1.3,2.3,16.1
Alec Burks,SG,28,TOT,59,18,1612,6.3,15.7,.404,2.2,6.1,.366,4.1,9.6,.428,5.0,5.6,.896,1.0,4.9,5.9,3.8,1.3,0.4,1.9,2.7,19.9
Alec Burks,SG,28,GSW,48,18,1390,6.3,15.6,.406,2.2,5.8,.375,4.1,9.8,.424,5.2,5.8,.897,1.0,4.9,5.9,3.9,1.3,0.4,2.0,2.8,20.0
Alec Burks,SG,28,PHI,11,0,222,6.3,16.2,.390,2.6,7.9,.327,3.7,8.3,.451,3.9,4.4,.889,1.0,4.9,5.8,3.2,1.3,0.0,1.5,2.1,19.1
Deonte Burton,SG,26,OKC,34,0,284,4.9,13.3,.371,1.3,5.8,.217,3.7,7.5,.492,0.8,1.5,.500,0.8,5.3,6.1,1.4,0.6,1.3,1.8,3.5,11.9
Jimmy Butler,SF,30,MIA,54,54,1851,6.4,14.0,.454,0.6,2.3,.248,5.8,11.8,.494,7.9,9.5,.833,1.9,5.1,7.0,6.4,1.8,0.6,2.3,1.4,21.3
Bruno Caboclo,SF,24,TOT,27,0,220,5.2,12.6,.416,0.7,4.6,.143,4.6,8.0,.571,0.7,0.8,.800,3.6,5.1,8.7,2.0,2.0,2.6,1.5,4.1,11.8
Bruno Caboclo,SF,24,MEM,22,0,192,5.2,12.9,.406,0.7,4.7,.160,4.5,8.2,.545,0.4,0.6,.667,3.2,5.1,8.2,1.9,1.9,2.3,1.3,4.3,11.6
Bruno Caboclo,SF,24,HOU,5,0,28,5.1,10.3,.500,0.0,3.9,.000,5.1,6.4,.800,2.6,2.6,1.000,6.4,5.1,11.6,2.6,2.6,5.1,2.6,2.6,12.9
,,,,,,,,,,,,,,,,,,,,,,,,,,,
Kentavious Caldwell-Pope,SG,26,LAL,63,20,1603,4.9,10.5,.472,2.0,5.0,.394,3.0,5.5,.543,1.7,2.1,.779,0.8,2.1,3.0,2.4,1.2,0.3,1.2,2.6,13.5
Vlatko Cancar,SF,22,DEN,14,0,45,4.8,12.0,.400,0.8,4.8,.167,4.0,7.2,.556,3.2,3.2,1.000,4.0,4.0,8.0,2.4,0.8,0.8,2.4,5.6,13.6
Clint Capela,C,25,HOU,39,39,1279,6.9,10.9,.629,0.0,0.0,,6.9,10.9,.629,1.5,2.9,.529,4.7,10.4,15.1,1.4,0.9,2.0,1.8,2.9,15.3
DeMarre Carroll,SF,33,TOT,21,0,231,3.3,8.4,.389,1.1,4.2,.259,2.2,4.2,.519,3.7,5.6,.667,1.7,5.6,7.3,2.8,0.6,0.6,2.5,4.4,11.4
DeMarre Carroll,SF,33,SAS,15,0,135,2.4,7.7,.310,0.8,3.5,.231,1.6,4.3,.375,3.2,5.3,.600,1.9,6.4,8.3,2.9,0.5,0.5,2.7,5.3,8.8
DeMarre Carroll,SF,33,HOU,6,0,96,4.5,9.4,.480,1.5,5.2,.286,3.0,4.1,.727,4.5,6.0,.750,1.5,4.5,6.0,2.6,0.7,0.7,2.3,3.0,15.0
Jevon Carter,PG,24,PHO,50,2,754,3.9,9.8,.400,2.2,5.6,.393,1.7,4.2,.409,1.0,1.2,.840,1.2,3.5,4.7,3.1,1.8,0.6,1.5,3.6,11.0
Vince Carter,SF,43,ATL,60,0,876,4.4,12.5,.352,2.5,8.3,.302,1.9,4.2,.451,0.9,1.2,.793,0.7,4.4,5.1,2.0,0.9,1.0,1.4,3.7,12.2
Wendell Carter Jr.,C,20,CHI,43,43,1256,5.2,9.8,.534,0.2,0.8,.207,5.1,9.0,.564,3.2,4.4,.737,4.0,7.6,11.6,1.5,0.9,1.0,2.1,4.6,13.9
Michael Carter-Williams,SG,28,ORL,42,0,773,4.9,11.3,.434,0.9,3.2,.294,4.0,8.1,.489,3.4,4.1,.828,2.0,4.5,6.5,4.8,2.1,0.9,2.2,3.6,14.1
Alex Caruso,PG,25,LAL,58,1,1032,3.8,9.1,.423,1.3,3.7,.355,2.5,5.3,.471,2.0,2.7,.763,0.5,3.4,3.9,3.6,2.1,0.6,1.6,3.0,11.0
Willie Cauley-Stein,C,26,TOT,54,39,1097,5.7,9.9,.579,0.0,0.0,.000,5.7,9.9,.581,1.3,2.2,.606,2.8,7.6,10.3,2.3,1.6,2.0,1.3,4.0,12.8
Willie Cauley-Stein,C,26,GSW,41,37,940,5.5,9.8,.560,0.0,0.0,,5.5,9.8,.560,1.3,2.2,.614,2.7,7.0,9.8,2.3,1.7,1.9,1.3,3.9,12.4
Willie Cauley-Stein,C,26,DAL,13,2,157,7.1,10.3,.689,0.0,0.2,.000,7.1,10.1,.705,1.1,2.1,.556,3.0,10.8,13.8,2.3,0.9,2.5,1.1,4.4,15.4
Tyson Chandler,C,37,HOU,26,5,219,2.3,3.0,.778,0.0,0.0,,2.3,3.0,.778,1.0,2.1,.462,4.1,6.7,10.8,1.0,1.0,1.3,1.3,5.3,5.6
Wilson Chandler,SF,32,BRK,35,3,734,3.6,9.0,.404,1.8,5.9,.306,1.8,3.0,.597,1.0,1.1,.870,0.5,6.6,7.1,1.9,0.8,0.6,1.7,3.9,10.1
Joe Chealey,PG,24,CHO,4,0,33,0.0,7.6,.000,0.0,4.4,.000,0.0,3.3,.000,2.2,2.2,1.000,0.0,0.0,0.0,1.1,4.4,0.0,2.2,2.2,2.2
Zylan Cheatham,SF,24,NOP,3,0,31,2.3,5.8,.400,0.0,1.2,.000,2.3,4.6,.500,0.0,0.0,,1.2,5.8,7.0,2.3,0.0,1.2,3.5,5.8,4.6
Chris Chiozza,PG,24,TOT,21,0,249,4.6,11.4,.405,2.6,5.9,.439,2.0,5.5,.368,0.3,0.3,1.000,0.9,4.2,5.1,6.9,2.2,0.3,2.5,3.3,12.1
Chris Chiozza,PG,24,WAS,10,0,123,2.9,10.0,.294,2.0,4.7,.438,0.9,5.3,.167,0.0,0.0,,0.0,4.4,4.4,8.2,2.9,0.6,2.6,3.5,7.9
Chris Chiozza,PG,24,BRK,11,0,126,6.3,12.9,.489,3.1,7.1,.440,3.1,5.7,.550,0.6,0.6,1.000,1.7,4.0,5.7,5.7,1.4,0.0,2.3,3.1,16.3
Marquese Chriss,PF,22,GSW,59,21,1196,6.3,11.6,.545,0.2,1.2,.205,6.1,10.4,.584,3.6,4.7,.769,3.4,7.6,11.0,3.4,1.2,1.9,2.3,3.7,16.5
Gary Clark,PF,25,TOT,35,1,425,3.2,8.6,.376,2.4,7.3,.326,0.8,1.3,.667,0.7,0.8,.889,2.3,4.9,7.2,1.3,0.4,1.2,0.4,2.6,9.5
Gary Clark,PF,25,HOU,18,0,212,3.9,10.0,.390,3.1,8.7,.353,0.8,1.4,.625,1.0,1.2,.857,1.9,4.9,6.8,2.0,0.3,1.2,0.3,3.6,11.9
Gary Clark,PF,25,ORL,17,1,213,2.5,7.1,.357,1.7,5.9,.286,0.8,1.2,.714,0.3,0.3,1.000,2.7,4.9,7.6,0.5,0.5,1.2,0.5,1.7,7.1
Brandon Clarke,PF,23,MEM,50,3,1086,8.4,13.5,.623,0.7,1.7,.404,7.7,11.8,.654,2.4,3.1,.785,2.6,7.1,9.7,2.4,0.9,1.4,1.5,2.7,20.0
Jordan Clarkson,SG,27,TOT,63,0,1527,8.3,17.8,.465,3.1,8.3,.368,5.2,9.4,.550,2.9,3.4,.841,1.1,2.8,3.9,2.9,1.0,0.4,1.9,2.2,22.4
Jordan Clarkson,SG,27,CLE,29,0,666,7.8,17.6,.442,3.2,8.6,.371,4.6,9.0,.509,4.1,4.6,.884,1.1,2.6,3.7,3.8,0.9,0.4,2.1,1.8,22.9
Jordan Clarkson,SG,27,UTA,34,0,861,8.6,17.9,.482,3.0,8.1,.366,5.6,9.7,.579,1.9,2.5,.780,1.1,3.0,4.1,2.3,1.1,0.3,1.8,2.5,22.1
Nicolas Claxton,PF,20,BRK,15,0,187,5.2,9.2,.563,0.2,1.3,.143,5.0,7.9,.634,2.1,4.0,.524,3.7,4.8,8.5,3.1,0.2,1.5,1.7,2.7,12.7
,,,,,,,,,,,,,,,,,,,,,,,,,,,
Chris Clemons,SG,22,HOU,29,0,251,7.3,18.1,.405,4.7,13.5,.351,2.6,4.6,.563,0.9,1.0,.857,0.4,2.9,3.3,3.2,0.9,0.7,2.4,2.9,20.2
Antonius Cleveland,SG,25,DAL,6,0,22,3.3,9.8,.333,0.0,1.6,.000,3.3,8.2,.400,1.6,3.3,.500,0.0,4.9,4.9,0.0,1.6,1.6,1.6,3.3,8.2
Amir Coffey,SG,22,LAC,13,0,98,4.8,12.1,.394,0.4,2.6,.143,4.4,9.6,.462,0.4,1.1,.333,1.5,3.7,5.1,3.3,0.4,0.4,1.1,4.4,10.3
John Collins,PF,22,ATL,41,41,1363,9.3,16.0,.583,1.6,3.9,.401,7.8,12.1,.642,3.2,4.0,.800,3.1,7.9,11.0,1.6,0.8,1.7,2.0,3.6,23.4
Zach Collins,PF,22,POR,3,3,86,3.8,8.0,.474,1.3,2.9,.429,2.5,5.0,.500,2.5,2.5,1.000,1.7,3.3,5.0,2.5,0.0,0.8,2.5,4.6,11.3
Mike Conley,PG,32,UTA,41,35,1171,6.1,14.9,.405,2.5,6.5,.376,3.6,8.4,.429,2.9,3.6,.795,0.8,3.3,4.1,5.5,1.0,0.1,2.3,2.8,17.4
Pat Connaughton,SG,27,MIL,61,1,1119,3.8,8.4,.456,1.4,4.4,.321,2.4,4.0,.605,0.9,1.2,.750,1.8,6.5,8.3,3.1,0.6,1.0,1.5,1.9,9.9
Quinn Cook,PG,26,LAL,38,0,409,6.7,15.2,.439,2.2,5.8,.379,4.5,9.4,.477,0.5,0.8,.667,0.6,2.9,3.5,3.5,1.0,0.1,2.2,2.0,16.1
Tyler Cook,PF,22,CLE,11,0,35,7.2,10.3,.700,0.0,0.0,,7.2,10.3,.700,5.1,6.2,.833,4.1,6.2,10.3,1.0,1.0,0.0,1.0,4.1,19.5
Robert Covington,PF,29,TOT,62,60,1867,5.4,12.5,.432,2.9,8.2,.349,2.5,4.3,.589,1.7,2.1,.796,1.0,6.6,7.7,1.4,1.8,1.5,1.8,3.8,15.3
Robert Covington,PF,29,MIN,48,47,1411,5.5,12.7,.435,2.8,8.0,.346,2.8,4.7,.587,1.9,2.4,.798,0.9,6.4,7.3,1.4,2.0,1.1,1.9,3.8,15.7
Robert Covington,PF,29,HOU,14,13,456,5.1,12.0,.421,3.2,8.8,.357,1.9,3.2,.600,0.9,1.1,.786,1.4,7.3,8.7,1.4,1.2,2.8,1.6,3.8,14.1
Allen Crabbe,SG,27,TOT,37,1,653,3.5,9.8,.356,2.0,6.6,.303,1.5,3.2,.466,0.6,0.8,.714,0.6,3.6,4.2,1.8,0.8,0.2,0.9,2.6,9.5
Allen Crabbe,SG,27,ATL,28,1,522,3.6,9.9,.364,2.1,6.4,.323,1.5,3.4,.440,0.6,0.8,.750,0.7,3.8,4.5,1.9,1.0,0.3,0.8,2.5,9.9
Allen Crabbe,SG,27,MIN,9,0,131,3.0,9.3,.324,1.6,7.1,.231,1.4,2.2,.625,0.3,0.5,.500,0.3,3.0,3.3,1.4,0.0,0.0,1.4,3.0,8.0
Torrey Craig,SF,29,DEN,50,19,869,4.0,8.6,.462,1.5,4.5,.330,2.5,4.1,.606,0.8,1.3,.645,2.0,4.5,6.5,1.4,0.7,1.3,0.9,4.6,10.3
Jae Crowder,SF,29,TOT,58,46,1695,4.2,10.9,.384,2.4,7.5,.318,1.8,3.4,.532,2.0,2.6,.785,1.0,6.5,7.5,3.2,1.4,0.4,1.3,2.7,12.8
Jae Crowder,SF,29,MEM,45,45,1322,4.0,10.9,.368,2.1,7.2,.293,1.9,3.6,.519,2.0,2.6,.789,1.1,6.5,7.5,3.4,1.3,0.4,1.5,2.3,12.2
Jae Crowder,SF,29,MIA,13,1,373,4.8,11.0,.439,3.4,8.6,.393,1.4,2.4,.600,1.9,2.5,.769,0.8,6.6,7.3,2.5,1.9,0.7,0.8,4.0,15.0
Jarrett Culver,SG,20,MIN,63,35,1506,5.5,13.6,.404,1.6,5.3,.299,3.9,8.3,.471,1.3,2.8,.462,1.7,3.4,5.1,2.6,1.4,0.9,1.9,3.0,13.9
Seth Curry,SG,29,DAL,59,20,1448,6.6,13.2,.500,3.4,7.5,.453,3.2,5.8,.560,1.8,2.2,.841,0.6,2.8,3.5,3.0,0.9,0.2,1.5,2.5,18.4
Stephen Curry,PG,31,GSW,5,5,139,8.5,21.2,.402,3.1,12.7,.245,5.4,8.5,.636,6.7,6.7,1.000,1.0,5.7,6.7,8.5,1.3,0.5,4.1,2.8,26.9
Troy Daniels,SG,28,TOT,42,0,457,4.9,12.5,.390,3.2,8.9,.354,1.7,3.6,.478,0.8,1.3,.625,0.9,2.7,3.6,1.1,0.6,0.2,0.7,2.4,13.7
Troy Daniels,SG,28,LAL,41,0,456,4.9,12.5,.392,3.2,8.8,.357,1.7,3.6,.478,0.8,1.3,.625,0.9,2.7,3.6,1.1,0.6,0.2,0.7,2.4,13.7
Troy Daniels,SG,28,DEN,1,0,1,0.0,36.0,.000,0.0,36.0,.000,0.0,0.0,,0.0,0.0,,0.0,0.0,0.0,0.0,0.0,0.0,0.0,0.0,0.0
Anthony Davis,PF,26,LAL,55,55,1889,9.7,18.9,.511,1.2,3.7,.335,8.4,15.2,.554,7.4,8.7,.845,2.4,7.5,9.9,3.3,1.6,2.6,2.6,2.6,28.0
Ed Davis,C,30,UTA,25,0,268,1.9,4.6,.412,0.0,0.0,,1.9,4.6,.412,0.7,1.5,.455,3.9,8.9,12.8,1.1,1.3,1.2,1.7,7.4,4.4
Terence Davis,SG,22,TOR,64,2,1087,6.0,12.9,.463,2.9,7.4,.396,3.1,5.6,.550,1.5,1.7,.865,1.5,5.7,7.2,3.5,1.1,0.4,2.2,3.4,16.4
,,,,,,,,,,,,,,,,,,,,,,,,,,,
Dewayne Dedmon,C,30,TOT,44,18,774,4.7,11.9,.400,1.0,5.0,.206,3.7,6.9,.541,1.4,1.7,.833,2.8,8.8,11.6,1.0,1.2,1.9,2.7,6.2,11.9
Dewayne Dedmon,C,30,SAC,34,10,541,4.6,11.4,.404,0.9,4.7,.197,3.7,6.7,.550,1.5,1.9,.821,3.1,8.1,11.1,1.0,1.0,1.7,3.1,6.2,11.6
Dewayne Dedmon,C,30,ATL,10,8,233,5.1,13.0,.393,1.2,5.6,.222,3.9,7.4,.521,1.1,1.2,.875,2.2,10.5,12.7,1.1,1.5,2.3,1.5,6.2,12.5
Matthew Dellavedova,PG,29,CLE,57,4,821,2.7,7.7,.354,0.9,4.0,.231,1.8,3.7,.488,1.4,1.6,.865,0.8,2.5,3.3,7.9,0.9,0.1,2.6,3.4,7.8
DeMar DeRozan,SF,30,SAS,61,61,2091,8.7,16.5,.526,0.1,0.5,.267,8.5,15.9,.535,5.8,6.9,.843,0.7,5.3,5.9,5.9,1.1,0.2,2.5,2.8,23.3
Cheick Diallo,C,23,PHO,44,2,467,6.9,10.6,.650,0.1,0.2,.500,6.8,10.4,.652,2.5,2.9,.865,2.2,7.6,9.8,1.7,0.8,0.9,2.3,4.2,16.3
Hamidou Diallo,SF,21,OKC,38,3,699,5.1,11.3,.452,0.4,1.8,.200,4.7,9.5,.500,1.4,2.3,.622,1.5,4.8,6.3,1.1,1.4,0.4,1.9,4.2,12.0
Gorgui Dieng,C,30,TOT,58,17,1012,5.6,12.2,.461,1.8,5.1,.359,3.8,7.2,.532,2.2,3.0,.735,3.1,8.9,12.0,2.5,1.7,2.0,2.0,4.0,15.2
Gorgui Dieng,C,30,MIN,46,17,778,5.7,12.8,.448,2.1,5.6,.383,3.6,7.3,.497,2.2,2.7,.797,3.4,8.5,11.8,2.7,1.7,1.9,2.0,4.1,15.8
Gorgui Dieng,C,30,MEM,12,0,234,5.2,10.2,.515,0.8,3.4,.227,4.5,6.8,.659,2.2,3.7,.583,2.2,10.2,12.3,2.0,1.7,2.2,1.7,3.5,13.4
Spencer Dinwiddie,SG,26,BRK,64,49,1994,7.7,18.4,.415,2.2,7.2,.308,5.4,11.2,.485,6.3,8.1,.778,0.6,3.4,4.0,7.8,0.7,0.4,3.1,3.2,23.8
Donte DiVincenzo,SG,23,MIL,59,22,1362,5.5,11.9,.462,2.0,5.8,.344,3.5,6.1,.576,1.6,2.1,.769,1.6,6.1,7.6,3.6,2.1,0.5,1.9,2.6,14.6
Luka Doncic,PG,20,DAL,54,54,1799,10.2,22.2,.461,3.1,9.8,.318,7.1,12.4,.574,7.4,9.8,.752,1.4,8.7,10.0,9.4,1.2,0.2,4.5,2.7,31.0
Luguentz Dort,SG,20,OKC,29,21,637,3.7,8.9,.414,1.2,4.1,.301,2.4,4.7,.512,1.6,2.0,.778,0.8,2.2,3.1,1.2,1.3,0.1,0.8,4.4,10.2
Damyean Dotson,SG,25,NYK,48,0,836,5.2,12.5,.414,2.5,7.0,.362,2.6,5.5,.480,0.9,1.4,.667,0.4,3.5,3.9,2.5,1.0,0.2,0.9,1.9,13.8
Sekou Doumbouya,SF,19,DET,38,19,754,4.4,11.3,.390,1.3,4.7,.286,3.1,6.6,.464,1.5,2.2,.674,1.0,4.7,5.6,0.9,1.0,0.4,1.7,3.8,11.6
PJ Dozier,PG,23,DEN,21,0,234,5.5,14.0,.396,1.1,4.3,.250,4.5,9.7,.460,1.1,1.7,.636,0.8,3.8,4.6,4.5,1.1,0.8,1.7,4.2,13.2
Goran Dragic,PG,33,MIA,54,1,1531,6.8,15.6,.437,2.8,7.4,.377,4.0,8.2,.491,4.0,5.2,.769,0.6,3.3,3.9,6.4,0.7,0.2,3.1,2.5,20.4
Andre Drummond,C,26,TOT,57,56,1879,8.0,15.0,.533,0.1,0.7,.143,7.9,14.4,.551,3.2,5.6,.575,4.8,11.8,16.6,2.9,2.1,1.8,3.9,3.9,19.4
Andre Drummond,C,26,DET,49,48,1654,7.8,14.8,.530,0.0,0.5,.048,7.8,14.3,.546,3.2,5.6,.584,4.9,11.9,16.9,3.0,2.1,1.8,3.8,3.8,18.9
Andre Drummond,C,26,CLE,8,8,225,9.3,16.8,.552,0.6,2.2,.286,8.6,14.6,.593,3.2,6.2,.513,3.8,10.4,14.2,2.2,1.9,1.8,4.6,4.0,22.4
Jared Dudley,SF,34,LAL,40,1,311,2.3,5.8,.400,1.9,3.9,.471,0.5,1.9,.250,0.2,0.2,1.000,0.6,4.4,5.0,2.2,1.4,0.3,0.7,4.2,6.7
Kris Dunn,PG,25,CHI,51,32,1269,4.3,9.7,.444,0.8,3.2,.259,3.5,6.5,.535,1.1,1.5,.741,0.7,4.6,5.3,4.9,2.9,0.5,1.9,4.5,10.6
Carsen Edwards,SG,21,BOS,35,0,316,4.2,12.9,.327,2.4,7.7,.309,1.8,5.1,.356,1.3,1.5,.846,0.7,4.2,4.9,2.5,1.1,0.3,1.7,3.8,12.1
Henry Ellenson,PF,23,BRK,5,0,15,2.4,16.8,.143,0.0,9.6,.000,2.4,7.2,.333,0.0,0.0,,4.8,9.6,14.4,2.4,0.0,0.0,0.0,2.4,4.8
Wayne Ellington,SG,32,NYK,36,1,558,3.9,11.2,.351,3.2,9.2,.350,0.7,2.0,.355,0.7,0.8,.846,0.3,3.9,4.2,2.8,0.8,0.3,1.2,2.6,11.8
,,,,,,,,,,,,,,,,,,,,,,,,,,,
Joel Embiid,C,25,PHI,44,44,1329,9.0,19.0,.474,1.5,4.4,.348,7.5,14.6,.511,8.4,10.3,.814,3.3,10.8,14.1,3.7,1.0,1.6,3.7,4.1,27.9
James Ennis,SF,29,TOT,61,10,1053,4.4,10.1,.435,1.6,4.8,.338,2.8,5.3,.523,2.2,2.7,.808,2.1,4.7,6.8,1.8,1.0,0.7,1.5,3.7,12.5
James Ennis,SF,29,PHI,49,0,776,4.6,10.5,.442,1.7,4.9,.349,2.9,5.6,.525,2.2,2.8,.787,2.2,4.7,7.0,1.9,1.1,0.6,1.4,3.9,13.2
James Ennis,SF,29,ORL,12,10,277,3.6,8.8,.412,1.3,4.3,.303,2.3,4.5,.514,1.9,2.2,.882,1.7,4.7,6.4,1.7,0.8,0.8,1.6,3.1,10.5
Drew Eubanks,PF,22,SAS,14,3,130,5.8,7.8,.750,0.3,0.3,1.000,5.5,7.5,.741,2.2,3.0,.727,2.2,7.5,9.7,1.4,0.6,1.7,2.8,5.8,14.1
Jacob Evans,SG,22,TOT,29,1,418,3.9,11.5,.336,1.1,3.4,.333,2.8,8.2,.337,2.2,2.5,.862,0.8,2.8,3.5,2.7,0.9,1.0,2.2,3.5,11.0
Jacob Evans,SG,22,GSW,27,1,414,3.9,11.6,.338,1.1,3.3,.342,2.8,8.3,.337,2.2,2.5,.862,0.8,2.8,3.6,2.7,1.0,1.0,2.2,3.6,11.1
Jacob Evans,SG,22,MIN,2,0,4,0.0,9.0,.000,0.0,9.0,.000,0.0,0.0,,0.0,0.0,,0.0,0.0,0.0,0.0,0.0,0.0,0.0,0.0,0.0
Dante Exum,SG,24,TOT,35,1,485,4.2,8.8,.471,1.1,3.2,.349,3.0,5.6,.539,2.4,3.2,.744,0.9,4.1,5.0,3.0,1.0,0.6,2.3,2.8,11.8
Dante Exum,SG,24,UTA,11,0,83,4.3,10.0,.435,0.9,2.6,.333,3.5,7.4,.471,0.9,0.9,1.000,1.3,3.9,5.2,3.0,0.4,0.9,4.3,3.5,10.4
Dante Exum,SG,24,CLE,24,1,402,4.1,8.6,.479,1.2,3.3,.351,3.0,5.3,.559,2.7,3.7,.732,0.8,4.1,4.9,3.0,1.1,0.5,1.9,2.7,12.1
Tacko Fall,C,24,BOS,6,0,24,13.5,18.0,.750,0.0,0.0,,13.5,18.0,.750,1.5,4.5,.333,0.0,16.5,16.5,0.0,0.0,3.0,4.5,7.5,28.5
Derrick Favors,C,28,NOP,45,43,1089,6.2,10.1,.620,0.0,0.2,.143,6.2,9.9,.631,1.2,2.0,.581,4.9,9.9,14.7,2.5,0.8,1.5,1.7,3.3,13.7
Cristiano Felicio,PF,27,CHI,22,0,386,3.2,5.0,.630,0.0,0.2,.000,3.2,4.8,.654,1.7,2.1,.783,5.1,4.4,9.5,1.5,0.9,0.2,1.7,3.2,8.0
Terrance Ferguson,SF,21,OKC,50,37,1170,2.3,6.1,.372,1.4,4.8,.297,0.9,1.4,.636,0.5,0.6,.789,0.7,1.5,2.2,1.4,0.8,0.5,0.9,4.4,6.4
Bruno Fernando,C,21,ATL,56,13,713,5.2,10.0,.518,0.3,1.9,.135,4.9,8.2,.605,1.5,2.6,.569,3.4,6.6,10.0,2.5,0.9,0.9,2.1,5.4,12.1
Yogi Ferrell,PG,26,SAC,44,0,484,5.0,12.6,.396,1.4,5.1,.275,3.6,7.4,.480,2.4,2.8,.865,0.4,3.1,3.6,4.4,1.0,0.3,1.9,2.3,13.8
Dorian Finney-Smith,PF,26,DAL,64,61,1898,4.1,8.7,.468,1.9,5.0,.374,2.2,3.6,.599,1.3,1.8,.722,2.4,4.3,6.7,1.8,0.8,0.7,1.2,2.9,11.3
Bryn Forbes,SG,26,SAS,63,62,1579,5.5,13.2,.417,3.4,8.7,.388,2.1,4.6,.470,1.7,2.1,.833,0.3,2.6,2.9,2.5,0.8,0.0,1.3,2.6,16.1
Evan Fournier,SG,27,ORL,61,61,1931,7.6,16.2,.470,3.1,7.6,.406,4.5,8.6,.525,3.1,3.8,.820,0.3,2.6,2.9,3.6,1.3,0.3,2.2,2.7,21.4
De'Aaron Fox,PG,22,SAC,45,43,1426,8.3,17.5,.475,1.2,3.9,.307,7.1,13.6,.523,5.4,7.7,.703,0.8,3.8,4.6,7.7,1.6,0.6,3.6,3.3,23.2
Melvin Frazier,SG,23,ORL,15,0,51,4.2,12.0,.353,2.8,4.9,.571,1.4,7.1,.200,1.4,2.8,.500,0.7,2.1,2.8,0.7,2.8,1.4,2.1,5.6,12.7
Michael Frazier,SG,25,HOU,8,0,66,2.2,6.0,.364,1.1,4.4,.250,1.1,1.6,.667,2.2,3.3,.667,0.5,1.1,1.6,0.5,1.1,0.0,1.1,7.1,7.6
Tim Frazier,PG,29,DET,27,11,355,3.4,9.5,.362,1.0,3.0,.333,2.4,6.5,.375,1.9,2.4,.792,0.9,2.4,3.3,9.4,1.4,0.4,3.7,4.3,9.8
Markelle Fultz,PG,21,ORL,64,59,1813,6.4,13.4,.473,0.6,2.3,.254,5.8,11.1,.520,2.0,2.8,.723,0.7,3.5,4.2,6.6,1.6,0.2,2.6,2.5,15.3
Wenyen Gabriel,PF,22,TOT,28,1,210,3.4,7.9,.435,1.0,3.4,.300,2.4,4.5,.538,2.4,3.4,.700,3.1,4.8,7.9,1.4,1.7,1.0,2.7,6.0,10.3
Wenyen Gabriel,PF,22,SAC,11,0,61,3.5,10.0,.353,0.6,4.7,.125,3.0,5.3,.556,3.5,5.9,.600,2.4,3.5,5.9,1.8,1.8,1.2,3.0,4.1,11.2
Wenyen Gabriel,PF,22,POR,17,1,149,3.4,7.0,.483,1.2,2.9,.417,2.2,4.1,.529,1.9,2.4,.800,3.4,5.3,8.7,1.2,1.7,1.0,2.7,6.8,9.9
,,,,,,,,,,,,,,,,,,,,,,,,,,,
Daniel Gafford,C,21,CHI,43,7,609,5.6,7.9,.701,0.0,0.0,,5.6,7.9,.701,1.9,3.5,.533,3.1,3.2,6.3,1.2,0.8,3.3,1.7,5.8,13.0
Danilo Gallinari,PF,31,OKC,55,55,1690,7.0,16.0,.439,3.5,8.6,.409,3.5,7.4,.474,5.0,5.6,.886,0.7,5.8,6.4,2.4,0.9,0.1,1.5,1.4,22.5
Langston Galloway,SG,28,DET,66,6,1702,5.0,11.5,.435,2.8,7.0,.399,2.2,4.5,.493,1.5,1.8,.859,0.7,2.5,3.2,2.1,1.0,0.2,0.8,2.0,14.3
Darius Garland,PG,20,CLE,59,59,1824,5.5,13.8,.401,2.1,5.8,.355,3.5,8.0,.434,1.2,1.4,.875,0.5,1.7,2.2,4.5,0.8,0.1,3.0,1.8,14.4
Marc Gasol,C,35,TOR,36,35,990,3.6,8.6,.419,1.9,4.6,.402,1.7,4.0,.440,0.9,1.3,.722,1.1,7.2,8.3,4.5,1.0,1.2,1.6,3.7,10.0
Rudy Gay,PF,33,SAS,60,5,1287,6.2,14.0,.442,1.6,5.2,.314,4.6,8.9,.517,2.8,3.2,.876,1.6,7.4,9.0,2.8,0.7,0.8,2.2,2.5,16.8
Paul George,SF,29,LAC,42,42,1222,8.6,19.9,.432,3.9,9.8,.399,4.7,10.0,.463,4.9,5.5,.882,0.6,6.5,7.1,4.8,1.6,0.6,3.3,3.0,25.9
Taj Gibson,C,34,NYK,62,56,1025,5.9,10.0,.584,0.1,0.5,.286,5.7,9.6,.599,1.4,2.0,.732,3.9,5.5,9.4,1.8,0.9,1.1,1.7,4.3,13.3
Harry Giles,PF,21,SAC,38,17,579,7.2,12.9,.560,0.0,0.0,,7.2,12.9,.560,2.1,2.7,.767,2.1,7.8,9.9,3.0,1.3,0.9,2.2,6.2,16.5
Shai Gilgeous-Alexander,SG,21,OKC,63,63,2214,7.2,15.2,.473,1.3,3.6,.351,5.9,11.6,.511,4.1,5.2,.801,0.7,5.5,6.2,3.4,1.1,0.7,1.9,1.8,19.8
Rudy Gobert,C,27,UTA,62,62,2142,5.9,8.5,.698,0.0,0.0,,5.9,8.5,.698,3.8,6.2,.621,3.5,10.7,14.3,1.6,0.8,2.1,2.0,3.3,15.7
Brandon Goodwin,PG,24,ATL,34,1,430,6.4,15.9,.400,2.2,7.3,.299,4.2,8.6,.485,2.3,2.5,.933,0.9,5.1,6.0,4.3,1.0,0.3,2.4,3.6,17.2
Aaron Gordon,PF,24,ORL,58,58,1914,5.9,13.7,.433,1.3,4.3,.301,4.6,9.4,.492,2.6,3.8,.675,1.9,6.4,8.3,4.0,0.9,0.7,1.8,2.2,15.7
Eric Gordon,SG,31,HOU,34,13,972,6.0,16.2,.370,3.4,10.7,.319,2.6,5.6,.467,2.9,3.8,.757,0.3,2.1,2.4,1.9,0.8,0.4,1.3,2.5,18.3
Devonte' Graham,PG,24,CHO,63,53,2211,6.0,15.7,.382,3.5,9.5,.373,2.4,6.2,.397,3.1,3.8,.820,0.7,2.8,3.5,7.7,1.0,0.2,2.9,1.9,18.6
Treveon Graham,SG,26,TOT,55,20,929,3.4,9.4,.360,1.3,4.7,.275,2.1,4.7,.443,1.4,2.2,.643,2.0,3.8,5.8,1.7,0.9,0.2,1.1,4.0,9.4
Treveon Graham,SG,26,MIN,33,20,663,3.4,9.5,.354,1.1,4.5,.241,2.3,5.0,.457,1.5,2.0,.730,1.6,3.9,5.4,1.6,0.9,0.1,1.0,3.6,9.3
Treveon Graham,SG,26,ATL,22,0,266,3.4,9.1,.373,1.8,5.0,.351,1.6,4.1,.400,1.2,2.6,.474,3.0,3.8,6.8,2.0,0.9,0.5,1.4,4.9,9.7
Jerami Grant,PF,25,DEN,64,22,1676,5.6,12.0,.471,1.9,4.7,.400,3.8,7.3,.518,2.7,3.7,.744,1.1,3.7,4.9,1.7,0.9,1.1,1.2,3.0,15.9
Josh Gray,PG,26,NOP,2,0,23,1.6,3.1,.500,0.0,0.0,,1.6,3.1,.500,0.0,0.0,,1.6,1.6,3.1,3.1,0.0,0.0,7.8,1.6,3.1
Danny Green,SG,32,LAL,61,61,1529,4.2,10.0,.419,2.7,7.0,.378,1.5,3.0,.516,0.8,1.0,.727,1.0,3.8,4.9,2.0,1.8,0.7,1.3,3.0,11.8
Draymond Green,PF,29,GSW,43,43,1222,3.6,9.3,.389,1.1,3.8,.279,2.6,5.5,.465,1.9,2.4,.759,0.7,7.2,7.8,7.8,1.7,1.0,2.9,3.2,10.2
,,,,,,,,,,,,,,,,,,,,,,,,,,,
JaMychal Green,PF,29,LAC,55,0,1130,4.0,9.6,.414,2.4,6.5,.363,1.6,3.1,.520,1.0,1.4,.727,2.4,8.7,11.1,1.4,0.8,0.6,1.4,4.7,11.3
Javonte Green,SF,26,BOS,44,1,414,4.3,8.5,.500,0.5,2.0,.261,3.7,6.5,.573,2.0,3.1,.639,1.6,5.4,7.0,2.0,2.0,0.6,1.6,3.2,11.0
Jeff Green,PF,33,TOT,40,2,754,5.5,12.5,.444,2.3,6.6,.348,3.2,5.9,.553,2.7,3.5,.781,1.1,4.3,5.4,1.5,1.0,0.7,1.7,3.1,16.1
Jeff Green,PF,33,UTA,30,2,553,4.9,12.7,.385,2.2,6.8,.327,2.7,5.9,.451,3.2,4.1,.778,0.9,4.4,5.3,1.3,0.8,0.7,1.8,3.0,15.2
Jeff Green,PF,33,HOU,10,0,201,7.3,11.8,.621,2.5,6.1,.412,4.8,5.7,.844,1.4,1.8,.800,1.6,4.1,5.7,2.1,1.6,0.9,1.6,3.4,18.6
Blake Griffin,PF,30,DET,18,18,512,6.2,17.6,.352,1.9,7.8,.243,4.3,9.8,.439,5.3,6.9,.776,1.2,4.7,5.9,4.1,0.5,0.5,2.8,1.9,19.6
Marko Guduric,SG,24,MEM,42,0,476,4.6,11.6,.396,1.9,6.1,.309,2.7,5.5,.493,1.7,1.9,.920,1.1,4.3,5.4,3.4,0.9,0.6,2.7,2.6,12.9
Kyle Guy,SG,22,SAC,2,0,4,9.0,18.0,.500,0.0,9.0,.000,9.0,9.0,1.000,0.0,0.0,,0.0,0.0,0.0,0.0,0.0,0.0,0.0,0.0,18.0
Rui Hachimura,PF,21,WAS,41,41,1217,6.4,13.5,.478,0.6,2.2,.274,5.9,11.3,.517,2.7,3.3,.829,1.9,5.5,7.3,2.1,1.0,0.2,1.2,2.6,16.2
Devon Hall,SG,24,OKC,5,0,20,1.8,9.0,.200,0.0,3.6,.000,1.8,5.4,.333,5.4,7.2,.750,0.0,1.8,1.8,5.4,0.0,0.0,1.8,1.8,9.0
Donta Hall,PF,22,DET,4,0,48,0.7,3.0,.250,0.0,0.0,,0.7,3.0,.250,3.0,4.5,.667,4.5,6.8,11.3,1.5,0.7,0.7,1.5,6.8,4.5
Dusty Hannahs,SG,26,MEM,2,0,13,11.1,24.9,.444,5.5,8.3,.667,5.5,16.6,.333,5.5,5.5,1.000,0.0,2.8,2.8,0.0,0.0,0.0,0.0,2.8,33.2
Tim Hardaway Jr.,SG,27,DAL,63,50,1815,6.9,15.7,.437,3.7,9.0,.407,3.2,6.7,.478,2.4,3.0,.801,0.5,3.5,3.9,2.5,0.8,0.1,1.2,2.1,19.8
James Harden,SG,30,HOU,61,61,2241,9.7,22.3,.435,4.4,12.4,.352,5.3,9.9,.538,9.9,11.6,.861,1.0,5.2,6.2,7.2,1.7,0.9,4.4,3.3,33.7
Maurice Harkless,SF,26,TOT,62,48,1427,3.6,7.1,.502,0.9,2.5,.347,2.7,4.7,.584,1.0,1.7,.591,1.4,4.7,6.1,1.7,1.5,0.8,1.3,3.7,9.0
Maurice Harkless,SF,26,LAC,50,38,1141,3.5,6.8,.516,0.9,2.3,.370,2.7,4.5,.590,0.8,1.3,.571,1.5,4.8,6.3,1.5,1.5,0.9,1.5,3.8,8.7
Maurice Harkless,SF,26,NYK,12,10,286,3.8,8.3,.455,0.9,3.1,.280,2.9,5.2,.561,1.9,3.0,.625,1.0,4.0,5.0,2.5,1.1,0.4,0.9,3.5,10.3
Jared Harper,PG,22,PHO,3,0,8,4.5,18.0,.250,0.0,9.0,.000,4.5,9.0,.500,0.0,0.0,,0.0,0.0,0.0,0.0,0.0,0.0,0.0,0.0,9.0
Montrezl Harrell,C,26,LAC,63,2,1749,9.7,16.7,.580,0.0,0.4,.000,9.7,16.3,.593,4.8,7.2,.658,3.4,5.8,9.2,2.2,0.8,1.5,2.2,3.0,24.1
Gary Harris,SG,25,DEN,56,55,1780,4.4,10.5,.420,1.4,4.2,.333,3.0,6.2,.479,1.5,1.9,.815,0.5,2.8,3.3,2.4,1.5,0.3,1.2,2.3,11.8
Joe Harris,SF,28,BRK,63,63,1946,6.1,13.0,.471,2.8,6.8,.412,3.3,6.2,.536,1.1,1.5,.747,1.1,3.9,5.0,2.4,0.7,0.3,1.7,2.6,16.2
Tobias Harris,PF,27,PHI,65,65,2243,7.9,16.8,.472,1.9,5.2,.362,6.1,11.6,.521,2.5,3.1,.806,0.9,6.2,7.1,3.3,0.8,0.6,1.6,2.4,20.2
Shaquille Harrison,SF,26,CHI,43,10,484,5.7,12.3,.467,1.2,3.1,.381,4.5,9.1,.496,2.9,3.7,.780,1.6,4.8,6.4,3.6,2.5,1.4,1.4,4.1,15.5
Josh Hart,SF,24,NOP,57,14,1563,4.6,11.1,.416,2.6,7.5,.342,2.0,3.6,.571,1.6,2.1,.747,1.2,7.3,8.5,2.2,1.4,0.5,1.5,3.3,13.3
,,,,,,,,,,,,,,,,,,,,,,,,,,,
Isaiah Hartenstein,C,21,HOU,23,2,266,6.0,9.1,.657,0.0,0.7,.000,6.0,8.4,.710,2.6,3.8,.679,3.9,8.3,12.2,2.4,1.2,1.6,2.2,5.5,14.5
Udonis Haslem,PF,39,MIA,3,0,21,1.7,10.3,.167,0.0,3.4,.000,1.7,6.9,.250,5.1,6.9,.750,0.0,13.7,13.7,1.7,0.0,0.0,0.0,5.1,8.6
Jaxson Hayes,C,19,NOP,56,12,951,5.9,8.9,.660,0.0,0.2,.250,5.8,8.7,.667,4.1,6.5,.630,3.1,5.3,8.4,1.9,0.9,2.0,1.6,5.4,15.9
Gordon Hayward,SF,29,BOS,45,45,1501,7.3,14.6,.502,1.8,4.5,.392,5.5,10.0,.553,2.3,2.7,.847,1.1,6.0,7.1,4.4,0.8,0.5,1.9,1.9,18.7
John Henson,PF,29,TOT,40,8,600,5.7,10.3,.556,0.5,2.2,.222,5.2,8.1,.644,1.4,2.8,.500,2.8,7.0,9.7,3.2,1.4,2.5,2.2,4.7,13.3
John Henson,PF,29,CLE,29,2,412,5.3,10.5,.508,0.5,2.7,.194,4.8,7.8,.618,1.5,2.9,.515,2.8,7.2,10.0,3.8,1.4,2.8,1.8,4.8,12.7
John Henson,PF,29,DET,11,6,188,6.5,9.8,.667,0.4,1.0,.400,6.1,8.8,.696,1.1,2.5,.462,2.7,6.5,9.2,2.1,1.5,1.9,2.9,4.4,14.6
Dewan Hernandez,C,23,TOR,4,0,11,3.3,16.4,.200,0.0,3.3,.000,3.3,13.1,.250,6.5,6.5,1.000,6.5,16.4,22.9,0.0,3.3,0.0,3.3,19.6,13.1
Juan Hernangomez,PF,24,TOT,48,14,833,4.3,10.7,.405,1.9,5.6,.341,2.4,5.1,.475,1.9,3.1,.620,1.9,6.7,8.5,1.7,0.8,0.4,1.4,2.8,12.4
Juan Hernangomez,PF,24,DEN,34,0,422,3.2,9.4,.345,1.3,5.1,.250,2.0,4.3,.460,1.4,2.1,.640,2.0,6.1,8.1,1.9,0.4,0.4,1.5,2.5,9.1
Juan Hernangomez,PF,24,MIN,14,14,411,5.4,12.0,.453,2.5,6.0,.420,2.9,6.0,.485,2.5,4.0,.609,1.7,7.3,8.9,1.6,1.2,0.4,1.2,3.1,15.9
Willy Hernangomez,C,25,CHO,31,0,375,7.1,13.3,.532,0.5,2.1,.227,6.6,11.2,.590,3.6,5.7,.627,4.1,8.7,12.9,2.8,1.0,0.7,2.9,3.1,18.2
Tyler Herro,SG,20,MIA,47,6,1280,6.2,15.0,.414,2.8,7.1,.391,3.4,7.8,.434,1.9,2.2,.835,0.4,4.9,5.3,2.6,0.8,0.2,2.0,1.7,17.0
Kevin Hervey,PF,23,OKC,7,0,19,1.9,20.8,.091,0.0,15.2,.000,1.9,5.7,.333,0.0,0.0,,0.0,3.8,3.8,1.9,0.0,0.0,0.0,1.9,3.8
Mario Hezonja,PF,24,POR,47,4,767,3.8,8.9,.429,1.0,3.0,.328,2.8,5.9,.480,2.0,2.4,.824,1.2,6.4,7.6,2.0,1.3,0.4,1.7,4.3,10.6
Buddy Hield,SG,27,SAC,64,44,2045,8.0,18.7,.429,4.3,10.9,.395,3.7,7.8,.477,2.0,2.3,.855,1.0,4.4,5.4,3.5,1.1,0.3,2.6,2.6,22.3
George Hill,PG,33,MIL,52,0,1103,5.8,11.0,.530,2.4,5.0,.480,3.4,6.0,.571,2.3,2.7,.831,1.5,3.6,5.0,4.9,1.4,0.1,1.6,2.4,16.3
Solomon Hill,SF,28,TOT,54,4,992,3.6,9.0,.403,2.1,5.7,.378,1.5,3.3,.446,1.1,1.5,.714,1.0,4.6,5.6,3.6,1.3,0.4,1.7,2.8,10.5
Solomon Hill,SF,28,MEM,48,3,901,3.8,9.3,.412,2.2,5.9,.381,1.6,3.4,.465,1.0,1.5,.684,1.0,4.8,5.8,3.8,1.2,0.3,1.6,2.9,10.9
Solomon Hill,SF,28,MIA,6,1,91,1.6,5.9,.267,1.2,3.6,.333,0.4,2.4,.167,1.6,1.6,1.000,1.2,2.8,4.0,1.6,2.0,2.0,2.8,2.0,5.9
Jaylen Hoard,SF,20,POR,13,0,103,5.2,11.2,.469,0.0,1.0,.000,5.2,10.1,.517,2.8,4.5,.615,4.9,6.3,11.2,1.4,1.7,0.0,1.4,4.2,13.3
Aaron Holiday,PG,23,IND,58,26,1368,5.3,13.1,.407,2.1,5.3,.394,3.2,7.7,.416,1.6,1.9,.861,0.6,2.9,3.5,5.1,1.2,0.3,2.0,2.7,14.4
Jrue Holiday,SG,29,NOP,55,55,1922,7.9,17.4,.452,2.2,6.0,.357,5.7,11.4,.502,2.2,3.2,.700,1.3,3.7,5.0,7.1,1.7,0.8,3.0,2.3,20.2
Justin Holiday,SG,30,IND,65,2,1617,4.2,9.6,.440,2.7,6.4,.424,1.5,3.2,.472,1.0,1.3,.780,0.7,3.9,4.6,1.9,1.7,0.9,0.9,2.6,12.2
Rondae Hollis-Jefferson,SF,25,TOR,52,5,998,5.0,10.6,.471,0.1,0.6,.118,4.9,10.0,.493,3.4,4.7,.736,3.7,5.5,9.2,3.2,1.6,0.8,1.8,3.8,13.5
Richaun Holmes,C,26,SAC,39,33,1125,6.7,10.3,.654,0.0,0.0,,6.7,10.3,.654,2.6,3.2,.800,3.8,6.6,10.4,1.2,1.2,1.8,1.6,4.9,16.0
,,,,,,,,,,,,,,,,,,,,,,,,,,,
Rodney Hood,SF,27,POR,21,21,619,5.1,10.0,.506,2.0,4.1,.493,3.0,5.9,.515,1.2,1.6,.778,0.6,3.6,4.2,1.9,1.0,0.2,1.1,2.7,13.4
Al Horford,C,33,PHI,60,57,1848,5.6,12.7,.442,1.7,5.1,.337,3.9,7.6,.513,1.1,1.4,.753,1.8,6.2,8.0,4.8,1.0,1.1,1.3,2.5,14.1
Talen Horton-Tucker,SG,19,LAL,2,0,5,0.0,7.2,.000,0.0,7.2,.000,0.0,0.0,,0.0,0.0,,0.0,0.0,0.0,14.4,7.2,0.0,0.0,0.0,0.0
Danuel House,SF,26,HOU,58,47,1739,4.3,10.0,.427,2.3,6.4,.363,1.9,3.5,.544,1.4,1.8,.800,1.2,3.9,5.1,1.6,1.3,0.7,1.0,2.5,12.3
Dwight Howard,C,34,LAL,62,2,1193,5.7,7.8,.732,0.1,0.2,.600,5.6,7.6,.734,2.7,5.4,.494,4.7,9.1,13.8,1.3,0.8,2.3,2.2,6.0,14.1
William Howard,SG,26,HOU,2,0,13,0.0,11.1,.000,0.0,11.1,.000,0.0,0.0,,0.0,0.0,,0.0,5.5,5.5,2.8,0.0,0.0,2.8,2.8,0.0
Kevin Huerter,SG,21,ATL,56,48,1760,5.2,12.5,.413,2.6,6.8,.380,2.6,5.6,.453,1.1,1.3,.828,0.7,3.9,4.7,4.4,1.0,0.6,1.8,2.8,14.0
De'Andre Hunter,SF,22,ATL,63,62,2018,5.0,12.2,.410,1.9,5.4,.355,3.1,6.8,.454,2.0,2.6,.764,0.8,4.3,5.1,2.0,0.8,0.3,1.8,3.2,13.9
Chandler Hutchison,SF,23,CHI,28,10,527,5.5,12.0,.457,0.8,2.6,.316,4.6,9.4,.496,3.1,5.3,.590,1.2,6.1,7.4,1.8,1.8,0.5,1.8,3.2,14.9
Serge Ibaka,C,30,TOR,50,27,1377,8.4,16.3,.518,1.7,4.3,.398,6.7,11.9,.562,2.3,3.1,.748,2.7,8.1,10.8,1.9,0.6,1.1,2.6,3.6,20.9
Andre Iguodala,SG,36,MIA,14,0,259,3.5,7.1,.490,1.3,3.3,.375,2.2,3.8,.593,0.3,1.1,.250,1.4,6.0,7.4,3.9,1.1,2.2,2.4,3.9,8.5
Ersan Ilyasova,PF,32,MIL,56,8,895,5.5,11.7,.472,1.9,5.0,.371,3.7,6.7,.548,2.5,3.0,.827,2.4,8.7,11.1,1.9,0.9,0.6,1.3,3.5,15.4
Joe Ingles,SF,32,UTA,64,37,1916,4.1,9.3,.441,2.3,5.8,.397,1.8,3.5,.516,1.2,1.6,.774,0.4,4.4,4.8,6.2,1.1,0.2,2.3,2.5,11.7
Brandon Ingram,PF,22,NOP,56,56,1919,8.8,18.9,.466,2.6,6.6,.387,6.2,12.2,.509,5.3,6.2,.858,0.9,5.6,6.6,4.5,1.1,0.7,3.3,3.0,25.5
Kyrie Irving,PG,27,BRK,20,20,658,10.9,22.8,.478,3.1,7.8,.394,7.8,15.0,.522,5.1,5.6,.922,1.2,4.4,5.6,7.0,1.5,0.5,2.8,2.9,30.0
Jonathan Isaac,SF,22,ORL,32,32,949,5.7,12.2,.463,1.1,3.5,.330,4.5,8.8,.515,2.1,2.8,.767,2.2,6.3,8.4,1.7,1.9,3.0,1.8,3.0,14.6
Wesley Iwundu,SF,25,ORL,45,18,810,3.4,8.6,.397,0.9,3.0,.313,2.5,5.6,.441,2.8,3.4,.816,1.0,4.0,5.0,2.0,1.1,0.5,0.8,2.8,10.5
Frank Jackson,PG,21,NOP,51,1,656,5.4,14.1,.385,2.1,6.6,.325,3.3,7.5,.438,2.6,3.5,.750,1.0,2.9,3.9,2.3,0.8,0.2,2.4,3.7,15.6
Jaren Jackson Jr.,C,20,MEM,54,54,1512,7.8,16.7,.468,3.2,8.1,.397,4.6,8.6,.535,2.9,4.0,.741,1.3,4.8,6.0,1.8,0.9,2.1,2.2,5.2,21.8
Josh Jackson,SG,22,MEM,18,0,357,6.9,15.6,.439,2.3,7.3,.319,4.5,8.4,.542,2.9,4.4,.659,1.1,4.7,5.8,3.1,1.8,0.9,2.5,3.9,19.0
,,,,,,,,,,,,,,,,,,,,,,,,,,,
Justin Jackson,PF,24,DAL,58,2,929,4.8,12.1,.399,1.7,5.9,.298,3.1,6.2,.494,1.4,1.7,.818,1.0,4.5,5.5,1.9,0.5,0.4,0.5,2.2,12.7
Reggie Jackson,PG,29,TOT,23,11,556,6.9,16.6,.416,2.9,7.3,.398,4.0,9.3,.431,2.3,2.8,.814,1.0,3.4,4.3,6.5,0.6,0.3,2.6,2.6,19.0
Reggie Jackson,PG,29,DET,14,10,381,7.2,18.7,.384,2.9,7.7,.378,4.3,11.0,.388,2.5,3.1,.788,1.0,2.8,3.9,6.8,0.8,0.1,2.2,2.0,19.7
Reggie Jackson,PG,29,LAC,9,1,175,6.4,12.1,.525,2.9,6.4,.452,3.5,5.8,.607,1.9,2.1,.900,0.8,4.5,5.3,6.0,0.4,0.8,3.5,3.9,17.5
Justin James,SG,23,SAC,34,0,218,5.4,12.9,.423,1.5,4.3,.346,4.0,8.6,.462,1.7,3.5,.476,1.0,4.0,5.0,2.6,1.0,1.5,1.3,2.6,14.0
LeBron James,PG,35,LAL,60,60,2094,10.1,20.2,.498,2.3,6.6,.349,7.8,13.7,.570,4.1,5.9,.697,1.0,7.1,8.1,10.9,1.3,0.5,4.1,1.8,26.5
Amile Jefferson,PF,26,ORL,18,0,74,2.4,6.8,.357,0.0,0.0,,2.4,6.8,.357,2.4,6.8,.357,4.9,6.3,11.2,1.9,0.5,1.5,1.5,3.4,7.3
DaQuan Jeffries,SG,22,SAC,6,0,19,5.7,13.3,.429,1.9,7.6,.250,3.8,5.7,.667,0.0,0.0,,1.9,0.0,1.9,1.9,1.9,0.0,0.0,5.7,13.3
Ty Jerome,PG,22,PHO,28,0,315,4.2,12.1,.349,1.5,5.4,.277,2.7,6.7,.407,1.3,1.6,.786,0.7,4.0,4.7,4.9,1.6,0.3,2.1,3.2,11.2
Alize Johnson,SF,23,IND,13,0,54,4.7,10.0,.467,0.0,0.0,,4.7,10.0,.467,2.7,4.0,.667,4.7,7.3,12.0,1.3,0.0,0.0,2.0,4.0,12.0
B.J. Johnson,SF,24,ORL,8,0,46,3.9,14.1,.278,0.8,4.7,.167,3.1,9.4,.333,1.6,1.6,1.000,0.8,3.9,4.7,1.6,1.6,0.0,2.3,0.0,10.2
Cameron Johnson,PF,23,PHO,49,1,996,4.9,11.7,.418,3.3,8.3,.397,1.6,3.5,.469,1.3,1.7,.761,1.4,3.7,5.1,1.9,1.1,0.6,1.0,2.6,14.4
James Johnson,PF,32,TOT,32,1,619,6.0,12.5,.479,1.9,5.3,.363,4.1,7.2,.565,1.8,2.8,.646,1.5,5.4,6.9,4.3,1.5,1.9,2.8,4.7,15.7
James Johnson,PF,32,MIA,18,0,281,5.0,11.1,.448,2.0,5.8,.356,2.9,5.4,.548,1.0,1.8,.571,1.0,5.6,6.7,2.7,0.8,1.7,1.9,4.4,13.1
James Johnson,PF,32,MIN,14,1,338,6.8,13.6,.500,1.8,4.9,.370,5.0,8.7,.573,2.4,3.6,.676,1.8,5.2,7.0,5.6,2.0,2.0,3.5,4.9,17.9
Keldon Johnson,SF,20,SAS,9,0,92,6.3,12.1,.516,0.8,2.0,.400,5.5,10.2,.538,2.7,3.9,.700,2.0,4.7,6.7,2.3,2.0,0.4,1.2,3.5,16.0
Stanley Johnson,PF,23,TOR,20,0,96,3.0,11.6,.258,0.7,4.9,.154,2.3,6.8,.333,1.9,2.3,.833,1.1,7.1,8.2,3.0,1.5,0.7,3.0,3.7,8.6
Tyler Johnson,SG,27,PHO,31,3,515,4.5,12.0,.380,1.7,5.8,.289,2.9,6.2,.466,1.7,2.2,.750,0.7,2.9,3.6,3.5,0.8,0.6,1.7,3.0,12.4
Nikola Jokic,C,24,DEN,65,65,2101,8.8,16.6,.528,1.2,3.9,.314,7.6,12.7,.594,3.7,4.6,.813,2.7,8.7,11.4,7.6,1.3,0.7,3.5,3.4,22.5
Damian Jones,C,24,ATL,55,27,887,4.9,7.2,.680,0.1,0.4,.222,4.8,6.9,.704,2.5,3.4,.738,3.0,5.4,8.4,1.4,1.1,1.6,1.1,6.0,12.4
Derrick Jones Jr.,SF,22,MIA,51,15,1249,4.8,9.3,.514,1.0,3.6,.270,3.8,5.7,.670,2.5,3.3,.779,1.6,4.5,6.1,1.6,1.6,1.0,0.8,3.3,13.1
Tyus Jones,PG,23,MEM,65,6,1232,5.8,12.5,.459,1.4,3.6,.379,4.4,8.9,.492,1.3,1.7,.741,0.3,2.7,3.0,8.3,1.7,0.2,1.6,1.3,14.1
DeAndre Jordan,C,31,BRK,56,6,1234,5.6,8.4,.666,0.0,0.0,,5.6,8.4,.666,2.4,3.6,.680,4.1,12.3,16.4,3.1,0.5,1.5,2.2,3.3,13.6
Cory Joseph,PG,28,SAC,64,22,1538,3.6,8.6,.420,1.1,3.1,.351,2.5,5.5,.460,1.1,1.4,.828,0.9,2.9,3.8,5.1,1.1,0.5,1.5,2.8,9.5
,,,,,,,,,,,,,,,,,,,,,,,,,,,
Mfiondu Kabengele,C,22,LAC,12,0,64,7.9,18.0,.438,5.1,11.3,.450,2.8,6.8,.417,2.8,2.8,1.000,0.6,5.6,6.2,1.1,1.1,1.1,1.1,5.1,23.6
Frank Kaminsky,C,26,PHO,32,13,718,6.4,14.0,.455,2.0,5.6,.348,4.4,8.4,.527,3.0,4.4,.670,1.5,6.4,7.9,3.6,0.7,0.5,1.7,3.5,17.6
Enes Kanter,C,27,BOS,51,6,891,7.1,12.6,.566,0.0,0.3,.143,7.1,12.3,.576,2.5,3.6,.708,5.7,10.2,15.9,2.0,0.8,1.5,2.1,3.4,16.8
Luke Kennard,SG,23,DET,28,25,922,5.9,13.4,.442,2.9,7.1,.399,3.0,6.2,.491,2.6,2.9,.893,0.4,3.5,3.8,4.5,0.5,0.2,1.7,2.5,17.3
Stanton Kidd,SF,27,UTA,4,0,15,0.0,7.2,.000,0.0,2.4,.000,0.0,4.8,.000,0.0,0.0,,0.0,7.2,7.2,2.4,0.0,0.0,4.8,7.2,0.0
Michael Kidd-Gilchrist,PF-SF,26,TOT,21,0,231,3.0,9.4,.317,0.8,3.1,.250,2.2,6.2,.350,1.4,1.7,.818,1.9,6.7,8.6,2.0,0.3,0.8,2.0,5.0,8.1
Michael Kidd-Gilchrist,PF,26,CHO,12,0,160,4.1,11.9,.340,1.1,3.8,.294,2.9,8.1,.361,1.6,2.0,.778,2.0,5.9,7.9,2.3,0.0,0.7,1.6,4.1,10.8
Michael Kidd-Gilchrist,SF,26,DAL,9,0,71,0.5,3.5,.143,0.0,1.5,.000,0.5,2.0,.250,1.0,1.0,1.000,1.5,8.6,10.1,1.5,1.0,1.0,3.0,7.1,2.0
Louis King,SF,20,DET,10,0,62,4.6,12.2,.381,2.3,6.4,.364,2.3,5.8,.400,0.0,1.7,.000,0.6,5.2,5.8,2.9,1.2,0.0,1.2,5.8,11.6
Maxi Kleber,C,28,DAL,66,21,1695,4.5,9.9,.459,2.3,6.1,.374,2.3,3.8,.594,1.5,1.7,.863,2.1,5.4,7.5,1.6,0.4,1.7,1.0,3.2,12.8
Brandon Knight,PG,28,TOT,25,3,462,4.6,13.0,.353,3.5,10.2,.344,1.1,2.8,.389,1.6,2.6,.588,0.3,2.9,3.2,5.4,0.8,0.2,3.0,3.1,14.3
Brandon Knight,PG,28,CLE,16,0,241,4.2,12.8,.326,2.8,9.6,.297,1.3,3.3,.409,0.6,1.9,.308,0.4,2.5,3.0,4.6,0.7,0.3,2.4,3.0,11.8
Brandon Knight,PG,28,DET,9,3,221,5.0,13.2,.383,4.2,10.9,.388,0.8,2.3,.357,2.6,3.4,.762,0.2,3.3,3.4,6.2,0.8,0.2,3.6,3.3,16.9
Kevin Knox,SF,20,NYK,65,4,1166,4.4,12.4,.359,2.0,6.1,.327,2.4,6.2,.391,2.0,3.1,.653,0.9,4.8,5.7,1.9,0.7,0.9,1.4,3.3,12.9
John Konchar,SG,23,MEM,15,0,167,5.0,7.5,.657,0.9,1.9,.444,4.1,5.6,.731,0.2,0.4,.500,3.9,6.0,9.9,4.5,1.5,0.6,1.3,1.5,11.0
Furkan Korkmaz,SG,22,PHI,64,12,1398,5.7,13.2,.432,3.2,8.2,.397,2.5,5.1,.487,1.4,1.9,.736,0.4,3.4,3.8,1.8,0.9,0.4,1.3,2.3,16.0
Luke Kornet,C,24,CHI,36,14,559,5.3,12.0,.439,2.0,7.0,.287,3.3,5.1,.646,1.3,1.8,.714,1.4,4.0,5.4,2.1,0.7,1.7,0.9,3.5,13.8
Kyle Korver,SF,38,MIL,50,0,833,4.8,11.2,.429,3.7,8.9,.415,1.1,2.2,.481,1.2,1.5,.824,0.6,3.9,4.5,2.6,0.9,0.5,1.8,2.9,14.5
Rodions Kurucs,PF,21,BRK,39,4,501,4.3,9.6,.448,1.8,4.7,.385,2.5,5.0,.507,1.2,2.0,.607,1.3,5.7,7.0,2.4,1.2,0.2,2.5,4.7,11.6
Kyle Kuzma,PF,24,LAL,54,7,1327,6.9,16.0,.432,1.9,6.4,.297,5.0,9.5,.523,2.6,3.5,.738,1.3,5.3,6.6,1.9,0.6,0.6,2.3,2.9,18.3
Skal Labissiere,C,23,POR,33,1,567,5.1,9.3,.551,0.2,0.8,.231,5.0,8.5,.582,1.6,2.1,.758,4.1,6.6,10.7,2.7,0.4,2.0,1.9,5.7,12.1
Jeremy Lamb,SG,27,IND,46,42,1291,6.0,13.4,.451,1.5,4.4,.335,4.5,9.0,.508,2.6,3.1,.836,0.7,4.9,5.6,2.7,1.5,0.6,1.4,2.9,16.1
Romeo Langford,SG,20,BOS,27,1,298,2.9,7.7,.375,0.6,2.8,.217,2.3,5.0,.463,1.9,2.8,.696,1.7,2.2,3.9,0.7,1.0,0.7,1.1,3.5,8.3
Zach LaVine,SG,24,CHI,60,60,2085,9.3,20.7,.450,3.2,8.4,.380,6.1,12.3,.497,4.6,5.8,.802,0.7,4.3,5.0,4.4,1.5,0.5,3.6,2.3,26.4
,,,,,,,,,,,,,,,,,,,,,,,,,,,
Vic Law,SF,24,ORL,5,0,9,0.0,12.0,.000,0.0,4.0,.000,0.0,8.0,.000,0.0,8.0,.000,0.0,4.0,4.0,0.0,0.0,0.0,0.0,0.0,0.0
Jake Layman,PF,25,MIN,23,2,505,5.8,12.8,.453,1.7,5.1,.333,4.1,7.6,.533,1.7,2.3,.750,1.2,2.9,4.1,1.1,1.2,0.7,1.7,3.4,15.0
T.J. Leaf,PF,22,IND,25,1,193,5.6,12.9,.435,0.9,2.6,.357,4.7,10.3,.455,1.3,2.2,.583,3.9,8.0,11.9,1.1,1.5,0.6,1.3,3.4,13.4
Jalen Lecque,PG,19,PHO,4,0,26,5.5,13.8,.400,0.0,5.5,.000,5.5,8.3,.667,2.8,2.8,1.000,0.0,0.0,0.0,2.8,0.0,0.0,1.4,2.8,13.8
Courtney Lee,SG,34,DAL,24,9,345,4.2,8.6,.488,2.2,4.9,.447,2.0,3.7,.543,0.6,0.7,.857,0.7,2.6,3.3,1.3,1.9,0.6,1.1,3.4,11.2
Damion Lee,SG,27,GSW,49,36,1423,5.4,12.9,.417,2.2,6.0,.356,3.2,6.9,.471,2.8,3.2,.873,0.8,5.2,6.0,3.4,1.3,0.2,1.7,2.9,15.7
Alex Len,C,26,TOT,49,9,895,6.8,12.1,.556,0.6,2.3,.250,6.2,9.9,.626,2.3,3.7,.637,3.8,8.0,11.8,1.9,0.9,1.9,2.0,4.6,16.4
Alex Len,C,26,ATL,40,9,745,6.9,12.6,.546,0.7,2.7,.250,6.2,9.9,.627,2.5,3.9,.630,3.3,7.8,11.1,2.0,1.0,1.6,1.9,4.5,16.9
Alex Len,C,26,SAC,9,0,150,6.2,10.1,.619,0.0,0.0,,6.2,10.1,.619,1.7,2.4,.700,6.2,9.1,15.4,1.2,0.5,3.1,2.6,5.0,14.2
Kawhi Leonard,SF,28,LAC,51,51,1643,10.4,22.3,.469,2.3,6.4,.366,8.1,15.9,.510,6.8,7.7,.889,1.1,7.0,8.2,5.6,2.0,0.7,3.1,2.1,30.0
Meyers Leonard,C,27,MIA,49,49,987,4.2,8.1,.520,1.9,4.3,.429,2.4,3.8,.625,0.6,0.9,.654,1.0,8.1,9.0,1.9,0.5,0.5,1.3,3.8,10.9
Caris LeVert,SG,25,BRK,39,25,1131,8.0,19.4,.414,2.3,6.0,.381,5.7,13.4,.429,3.7,5.1,.720,1.3,3.8,5.1,5.1,1.4,0.2,3.1,2.3,22.0
Damian Lillard,PG,29,POR,58,58,2140,8.9,19.5,.457,3.8,9.6,.394,5.1,9.9,.518,6.5,7.4,.888,0.5,3.7,4.2,7.6,1.0,0.4,2.8,1.6,28.2
Nassir Little,PF,19,POR,48,5,573,4.1,9.5,.430,0.9,3.7,.237,3.2,5.8,.554,1.8,2.8,.636,1.9,4.8,6.8,1.4,0.8,0.9,0.9,4.5,10.8
Kevon Looney,C,23,GSW,20,4,262,4.0,10.9,.367,0.1,1.9,.071,3.8,8.9,.431,1.2,1.6,.750,3.8,5.2,9.1,2.7,1.6,0.8,1.6,4.7,9.3
Brook Lopez,C,31,MIL,61,60,1622,5.4,12.7,.427,1.9,6.3,.296,3.6,6.4,.557,2.2,2.7,.810,0.9,5.1,6.0,2.1,1.0,3.3,1.4,3.3,14.9
Robin Lopez,C,31,MIL,60,4,862,5.7,11.4,.502,1.4,4.0,.344,4.3,7.4,.588,1.0,1.8,.535,2.2,3.9,6.1,1.7,0.4,1.7,2.3,3.3,13.8
Kevin Love,PF,31,CLE,56,56,1780,6.6,14.7,.450,3.0,7.9,.374,3.7,6.8,.537,3.8,4.4,.854,1.1,10.0,11.1,3.6,0.7,0.4,2.8,1.8,20.0
Kyle Lowry,PG,33,TOR,52,52,1901,5.9,14.0,.417,2.9,8.2,.354,3.0,5.9,.505,4.8,5.6,.861,0.6,4.2,4.8,7.6,1.3,0.4,2.9,3.2,19.4
Timothe Luwawu-Cabarrot,SG,24,BRK,39,0,671,4.2,10.3,.406,2.1,5.8,.358,2.1,4.5,.470,2.8,3.3,.839,1.3,3.6,4.9,1.3,0.8,0.3,1.7,4.3,13.3
Trey Lyles,PF,24,SAS,63,53,1271,4.3,9.7,.446,1.8,4.8,.387,2.5,5.0,.503,0.9,1.3,.733,2.0,8.2,10.2,2.0,0.8,0.8,1.1,2.8,11.4
Daryl Macon,SG,24,MIA,4,0,14,2.6,7.7,.333,2.6,5.1,.500,0.0,2.6,.000,0.0,0.0,,0.0,0.0,0.0,2.6,0.0,0.0,5.1,2.6,7.7
,,,,,,,,,,,,,,,,,,,,,,,,,,,
J.P. Macura,SG,24,CLE,1,0,1,0.0,0.0,,0.0,0.0,,0.0,0.0,,0.0,0.0,,0.0,0.0,0.0,0.0,0.0,0.0,0.0,0.0,0.0
Josh Magette,PG,30,ORL,8,0,38,4.7,14.2,.333,0.9,3.8,.250,3.8,10.4,.364,0.9,1.9,.500,0.9,4.7,5.7,4.7,2.8,0.9,4.7,3.8,11.4
Ian Mahinmi,C,33,WAS,38,35,808,4.6,9.4,.495,0.2,1.2,.192,4.4,8.2,.538,3.1,5.0,.619,3.5,6.2,9.7,2.2,1.4,2.0,2.0,5.1,12.6
Thon Maker,C,22,DET,60,14,776,4.3,9.0,.482,1.0,3.0,.344,3.3,6.0,.550,3.4,5.1,.664,2.5,5.2,7.7,2.0,1.2,1.8,2.1,4.7,13.0
Terance Mann,SG,23,LAC,35,6,271,2.9,7.2,.407,0.4,1.6,.250,2.5,5.6,.452,1.2,1.6,.750,0.5,3.9,4.4,5.0,1.1,0.7,1.9,4.8,7.4
Boban Marjanovic,C,31,DAL,37,2,337,10.3,18.5,.555,0.4,1.6,.267,9.8,16.9,.582,3.8,5.0,.766,5.7,10.7,16.3,1.4,0.7,0.7,2.8,5.0,24.8
Lauri Markkanen,PF,22,CHI,50,50,1492,6.1,14.3,.425,2.6,7.6,.344,3.4,6.6,.518,3.0,3.7,.824,1.4,6.1,7.6,1.8,1.0,0.6,2.0,2.3,17.8
Caleb Martin,SF,24,CHO,18,1,317,4.2,9.5,.440,2.3,4.2,.541,1.9,5.3,.362,1.9,2.4,.810,1.1,3.2,4.3,2.6,1.4,0.8,1.7,3.6,12.6
Cody Martin,SF,24,CHO,48,3,903,3.5,8.3,.430,0.7,3.1,.234,2.8,5.2,.546,1.7,2.6,.646,1.5,4.8,6.3,3.8,1.6,0.4,1.8,3.1,9.5
Jeremiah Martin,PG,23,BRK,3,0,16,2.3,11.3,.200,0.0,2.3,.000,2.3,9.0,.250,0.0,0.0,,0.0,4.5,4.5,4.5,2.3,2.3,0.0,0.0,4.5
Kelan Martin,SF,24,MIN,31,4,495,5.2,13.2,.392,1.8,7.0,.260,3.3,6.2,.541,2.2,2.3,.968,0.9,6.1,7.0,1.7,0.5,0.7,1.5,3.7,14.3
Frank Mason III,PG,25,MIL,6,0,53,3.4,12.9,.263,1.4,6.8,.200,2.0,6.1,.333,1.4,2.7,.500,2.0,3.4,5.4,7.5,1.4,0.0,4.1,2.7,9.5
Garrison Mathews,SG,23,WAS,18,0,227,3.8,8.9,.429,3.0,7.3,.413,0.8,1.6,.500,4.9,5.4,.912,1.0,2.9,3.8,1.6,1.3,0.2,1.3,5.1,15.5
Wesley Matthews,SG,33,MIL,62,62,1529,3.7,9.4,.397,2.4,6.5,.365,1.4,2.9,.468,1.1,1.5,.762,0.5,3.3,3.8,2.1,0.9,0.2,1.0,2.1,11.0
Patrick McCaw,SF,24,TOR,37,12,908,2.7,6.4,.414,0.9,2.8,.324,1.7,3.6,.484,0.5,0.7,.722,0.8,2.7,3.4,3.1,1.5,0.2,1.1,2.4,6.7
CJ McCollum,SG,28,POR,62,62,2229,8.9,19.6,.453,2.8,7.4,.380,6.1,12.2,.497,2.0,2.6,.750,0.7,3.4,4.1,4.3,0.7,0.6,1.9,2.6,22.5
T.J. McConnell,PG,27,IND,63,3,1188,5.7,11.0,.517,0.2,0.5,.333,5.5,10.5,.524,0.9,1.1,.833,1.0,4.0,4.9,9.6,1.3,0.3,2.6,2.1,12.4
Jalen McDaniels,PF,22,CHO,16,0,293,4.1,8.6,.471,1.1,2.9,.375,2.9,5.7,.522,1.7,2.1,.824,1.8,6.1,8.0,1.6,1.0,0.4,1.4,4.4,10.9
Doug McDermott,PF,28,IND,62,0,1242,7.0,14.2,.491,3.4,7.7,.445,3.6,6.6,.544,1.2,1.5,.827,0.7,3.9,4.5,2.0,0.3,0.1,1.2,3.1,18.6
JaVale McGee,C,32,LAL,61,61,1023,6.4,10.0,.640,0.1,0.2,.500,6.3,9.7,.643,1.7,2.6,.653,3.9,8.6,12.5,1.2,1.1,3.2,1.7,5.1,14.6
,,,,,,,,,,,,,,,,,,,,,,,,,,,
Rodney McGruder,SG,28,LAC,50,3,749,2.9,7.5,.391,1.1,3.8,.278,1.9,3.7,.506,0.7,1.3,.536,1.2,4.9,6.2,1.4,1.1,0.4,1.0,3.2,7.6
Alfonzo McKinnie,SF,27,CLE,40,1,593,4.4,10.4,.427,0.8,3.9,.215,3.6,6.4,.557,1.3,1.9,.710,2.2,4.6,6.9,0.8,1.4,0.5,1.6,4.4,11.0
Jordan McLaughlin,PG,23,MIN,30,2,590,5.3,10.9,.489,1.8,4.6,.382,3.5,6.2,.569,1.6,2.4,.667,0.4,2.6,3.0,7.6,2.1,0.2,1.9,1.9,14.0
Ben McLemore,SG,26,HOU,63,19,1437,5.2,11.8,.445,3.9,9.8,.395,1.4,2.0,.688,1.2,1.6,.758,0.5,3.0,3.5,1.4,1.0,0.3,1.2,3.3,15.5
Jordan McRae,SG,28,TOT,37,4,784,6.8,16.8,.407,2.1,5.8,.357,4.8,11.0,.433,3.8,5.0,.761,0.8,4.9,5.7,4.3,1.0,0.7,2.0,3.4,19.6
Jordan McRae,SG,28,WAS,29,4,654,7.3,17.4,.420,2.2,5.8,.377,5.1,11.6,.441,3.5,4.6,.771,0.9,4.8,5.7,4.5,1.0,0.8,2.1,3.4,20.4
Jordan McRae,SG,28,DEN,4,0,32,2.3,6.8,.333,2.3,4.5,.500,0.0,2.3,.000,3.4,4.5,.750,1.1,4.5,5.6,4.5,2.3,1.1,0.0,2.3,10.1
Jordan McRae,SG,28,DET,4,0,98,5.1,15.8,.326,1.1,5.9,.188,4.0,9.9,.407,5.9,8.1,.727,0.0,5.5,5.5,2.6,0.0,0.0,1.8,3.7,17.3
Nicolo Melli,C,29,NOP,52,6,889,5.0,11.3,.442,2.6,7.3,.361,2.3,4.0,.592,1.8,2.4,.733,1.5,4.9,6.4,2.7,1.2,0.8,1.7,4.3,14.4
De'Anthony Melton,PG,21,MEM,52,8,1011,5.3,12.6,.419,1.3,4.2,.316,4.0,8.4,.470,3.1,3.8,.821,1.3,5.6,6.9,5.6,2.3,0.6,2.8,3.3,15.0
Chimezie Metu,PF,22,SAS,16,0,73,9.9,17.3,.571,0.0,0.5,.000,9.9,16.8,.588,3.0,3.9,.750,4.9,7.9,12.8,3.0,0.5,2.0,2.5,2.0,22.7
Khris Middleton,SF,28,MIL,55,52,1653,9.2,18.5,.499,2.9,6.9,.418,6.3,11.6,.547,3.9,4.3,.908,0.9,6.6,7.4,4.9,1.1,0.2,2.5,2.7,25.2
Eric Mika,PF,25,SAC,1,0,19,3.8,5.7,.667,0.0,0.0,,3.8,5.7,.667,3.8,3.8,1.000,3.8,9.5,13.3,0.0,0.0,0.0,0.0,9.5,11.4
C.J. Miles,SG,32,WAS,10,0,161,4.2,13.2,.322,2.5,7.8,.314,1.8,5.4,.333,3.4,4.5,.750,0.9,1.8,2.7,2.7,2.2,0.9,0.9,3.1,14.3
Malcolm Miller,SF,26,TOR,25,1,125,2.3,6.9,.333,1.7,5.5,.316,0.6,1.4,.400,0.3,1.7,.167,0.3,3.7,4.0,2.3,1.2,0.6,0.9,3.5,6.6
Patty Mills,PG,31,SAS,63,1,1430,6.2,14.5,.429,3.7,9.8,.380,2.5,4.7,.529,2.3,2.7,.861,0.5,2.0,2.5,2.8,1.3,0.2,1.3,2.5,18.5
Paul Millsap,PF,34,DEN,44,41,1075,6.3,13.0,.486,1.6,3.7,.440,4.7,9.3,.504,3.5,4.2,.833,2.9,5.8,8.7,2.3,1.3,0.9,2.0,4.3,17.7
Shake Milton,SG,23,PHI,32,16,611,6.4,12.8,.498,2.8,6.2,.453,3.5,6.5,.541,2.3,3.0,.765,0.6,3.4,4.0,4.2,1.1,0.4,2.2,4.1,17.9
Donovan Mitchell,SG,23,UTA,63,63,2165,9.3,20.5,.453,2.6,7.1,.364,6.7,13.4,.501,4.1,4.8,.859,0.7,3.9,4.6,4.4,1.1,0.2,2.8,2.6,25.4
Naz Mitrou-Long,SG,26,IND,3,0,43,5.0,13.4,.375,1.7,9.2,.182,3.3,4.2,.800,0.0,0.0,,0.0,5.0,5.0,5.9,0.8,0.8,1.7,0.8,11.7
Adam Mokoka,SG,21,CHI,11,0,112,3.9,9.0,.429,1.9,4.8,.400,1.9,4.2,.462,0.6,1.3,.500,2.3,1.0,3.2,1.3,1.3,0.0,0.6,5.5,10.3
Malik Monk,SG,21,CHO,55,1,1169,6.5,15.0,.434,1.8,6.3,.284,4.7,8.7,.542,2.5,3.1,.820,0.8,4.0,4.8,3.5,0.8,0.5,2.4,2.3,17.4
Matt Mooney,SG,22,CLE,4,0,19,1.9,7.6,.250,0.0,3.8,.000,1.9,3.8,.500,0.0,0.0,,0.0,5.7,5.7,1.9,3.8,1.9,0.0,1.9,3.8
,,,,,,,,,,,,,,,,,,,,,,,,,,,
E'Twaun Moore,SG,30,NOP,51,5,958,6.5,15.4,.424,2.3,6.0,.375,4.3,9.4,.456,1.1,1.6,.674,1.1,3.5,4.6,2.7,1.1,0.4,1.4,2.9,16.4
Ja Morant,PG,20,MEM,59,59,1771,8.0,16.3,.491,1.0,2.8,.367,7.0,13.4,.517,4.1,5.4,.770,0.9,3.3,4.2,8.3,1.1,0.3,3.9,1.8,21.2
Juwan Morgan,PF,22,UTA,16,0,74,4.4,8.3,.529,0.5,2.4,.200,3.9,5.8,.667,0.0,0.0,,2.4,6.8,9.2,1.0,0.0,0.5,1.5,3.4,9.2
Marcus Morris,SF-PF,30,TOT,55,55,1727,6.8,15.6,.433,2.8,6.8,.410,4.0,8.9,.451,3.6,4.4,.823,1.1,4.7,5.9,1.6,0.9,0.6,1.8,3.4,19.9
Marcus Morris,SF,30,NYK,43,43,1387,7.3,16.5,.442,3.0,6.9,.439,4.3,9.7,.444,4.2,5.1,.823,1.2,4.8,6.0,1.5,0.9,0.4,1.9,3.3,21.8
Marcus Morris,PF,30,LAC,12,12,340,4.7,12.1,.386,1.8,6.4,.283,2.9,5.7,.500,1.0,1.2,.818,0.7,4.3,5.1,1.9,0.8,1.1,1.6,3.5,12.1
Markieff Morris,PF,30,TOT,52,16,1106,6.2,13.8,.445,2.6,6.8,.386,3.5,7.0,.502,2.1,2.7,.783,1.1,5.4,6.5,2.4,0.9,0.5,2.4,3.9,17.1
Markieff Morris,PF,30,DET,44,16,988,6.4,14.2,.450,2.7,6.9,.397,3.6,7.3,.500,2.2,2.9,.772,0.9,5.4,6.3,2.5,0.9,0.4,2.6,3.8,17.7
Markieff Morris,PF,30,LAL,8,0,118,4.3,11.0,.389,1.8,6.4,.286,2.4,4.6,.533,1.2,1.2,1.000,3.1,4.9,7.9,1.5,0.6,1.2,1.5,4.9,11.6
Monte Morris,PG,24,DEN,65,8,1402,5.7,12.4,.459,1.4,3.7,.375,4.3,8.7,.494,1.3,1.6,.823,0.5,2.4,2.9,5.9,1.4,0.4,1.2,1.6,14.1
Johnathan Motley,PF,24,LAC,13,0,41,9.7,13.2,.733,0.9,0.9,1.000,8.8,12.3,.714,4.4,6.1,.714,2.6,6.1,8.8,7.0,2.6,0.0,4.4,5.3,24.6
Emmanuel Mudiay,PG,23,UTA,48,1,752,6.5,13.8,.471,1.3,3.6,.355,5.2,10.2,.512,2.5,3.3,.754,0.8,4.7,5.5,5.1,0.9,0.5,3.1,3.1,16.8
Mychal Mulder,SG,25,GSW,7,3,204,4.6,11.8,.388,2.8,9.2,.308,1.8,2.6,.667,1.6,2.1,.750,0.5,3.5,4.1,1.4,0.4,0.2,0.9,3.5,13.6
Dejounte Murray,PG,23,SAS,58,50,1447,6.3,13.4,.475,0.8,2.2,.378,5.5,11.1,.494,1.9,2.3,.798,1.7,6.7,8.3,5.9,2.5,0.4,2.7,3.2,15.4
Jamal Murray,PG,22,DEN,55,55,1804,7.7,16.9,.455,2.1,6.1,.345,5.6,10.8,.517,3.2,3.5,.893,0.8,3.5,4.3,5.3,1.3,0.3,2.5,1.9,20.6
Dzanan Musa,SF,20,BRK,35,0,404,4.5,12.4,.360,1.3,5.8,.231,3.1,6.6,.473,2.9,3.9,.750,1.7,4.6,6.3,2.8,1.2,0.1,2.6,2.2,13.2
Mike Muscala,C,28,OKC,41,0,492,4.7,11.6,.403,3.1,8.8,.358,1.5,2.9,.538,1.3,1.6,.818,1.0,5.9,6.9,2.5,0.6,0.8,1.0,3.7,13.8
Sviatoslav Mykhailiuk,SF,22,DET,56,27,1265,4.7,11.5,.410,3.3,8.1,.404,1.5,3.4,.425,1.6,2.0,.814,0.5,2.5,3.0,3.0,1.2,0.1,1.7,2.5,14.3
Abdel Nader,SF,26,OKC,48,5,756,4.8,10.5,.455,1.9,5.0,.371,2.9,5.5,.530,2.3,3.0,.774,0.7,3.6,4.3,1.7,1.0,1.0,1.7,3.1,13.7
Larry Nance Jr.,C,27,CLE,56,10,1472,5.6,10.5,.531,1.4,3.9,.352,4.2,6.7,.636,1.2,1.8,.676,2.6,7.4,10.0,3.0,1.4,0.5,1.5,2.2,13.8
Shabazz Napier,PG,28,TOT,51,30,1234,5.0,12.0,.412,2.1,6.5,.320,2.9,5.6,.518,3.4,4.1,.823,0.7,3.5,4.3,7.4,1.9,0.3,3.2,2.7,15.4
Shabazz Napier,PG,28,MIN,36,22,856,4.8,11.9,.403,2.0,6.7,.296,2.8,5.2,.540,3.0,3.7,.818,0.7,3.9,4.6,7.9,1.7,0.3,3.2,2.6,14.6
Shabazz Napier,PG,28,WAS,15,8,378,5.3,12.4,.431,2.3,6.0,.381,3.0,6.4,.478,4.2,5.0,.830,0.8,2.7,3.4,6.3,2.5,0.2,3.3,3.0,17.1
Raul Neto,PG,27,PHI,49,3,565,5.0,11.2,.451,1.8,4.5,.394,3.2,6.6,.490,1.7,2.0,.839,0.7,2.6,3.3,4.9,1.4,0.3,2.7,2.7,13.5
Malik Newman,SG,22,CLE,1,0,4,0.0,18.0,.000,0.0,9.0,.000,0.0,9.0,.000,18.0,18.0,1.000,0.0,0.0,0.0,0.0,0.0,0.0,9.0,0.0,18.0
Georges Niang,PF,26,UTA,58,0,772,5.6,12.4,.453,3.6,8.6,.416,2.0,3.7,.538,0.9,1.0,.864,0.6,4.5,5.1,1.6,0.6,0.2,1.2,2.9,15.7
,,,,,,,,,,,,,,,,,,,,,,,,,,,
Nerlens Noel,C,25,OKC,55,6,1014,6.2,9.0,.685,0.0,0.1,.333,6.1,8.9,.689,2.7,3.5,.765,2.9,6.7,9.6,1.9,2.0,2.9,1.9,5.1,15.1
Zach Norvell,SG,22,TOT,5,0,41,2.6,10.5,.250,2.6,7.0,.375,0.0,3.5,.000,0.9,0.9,1.000,0.0,5.3,5.3,2.6,1.8,0.0,2.6,3.5,8.8
Zach Norvell,SG,22,LAL,2,0,5,0.0,7.2,.000,0.0,0.0,,0.0,7.2,.000,0.0,0.0,,0.0,7.2,7.2,0.0,0.0,0.0,0.0,0.0,0.0
Zach Norvell,SG,22,GSW,3,0,36,3.0,11.0,.273,3.0,8.0,.375,0.0,3.0,.000,1.0,1.0,1.000,0.0,5.0,5.0,3.0,2.0,0.0,3.0,4.0,10.0
Jaylen Nowell,SG,20,MIN,15,0,151,4.5,12.6,.358,0.7,6.2,.115,3.8,6.4,.593,3.8,4.1,.941,0.7,2.4,3.1,4.5,0.7,0.2,0.7,2.6,13.6
Frank Ntilikina,PG,21,NYK,57,26,1187,4.0,10.1,.393,1.3,4.2,.321,2.6,5.9,.444,1.5,1.8,.864,0.7,3.0,3.7,5.2,1.6,0.5,2.2,4.3,10.8
Kendrick Nunn,SG,24,MIA,62,62,1846,7.4,16.6,.448,2.6,7.1,.362,4.9,9.5,.512,1.5,1.8,.837,0.4,2.9,3.3,4.1,1.0,0.2,2.0,2.8,18.9
David Nwaba,SF,27,BRK,20,0,268,5.0,9.5,.521,1.6,3.8,.429,3.4,5.8,.581,2.4,3.6,.667,1.1,5.0,6.0,1.1,1.5,1.6,1.1,4.3,14.0
Royce O'Neale,PF,26,UTA,64,55,1862,2.7,6.2,.439,1.6,4.1,.389,1.1,2.1,.536,0.7,0.9,.735,0.4,6.1,6.6,3.2,0.9,0.5,1.0,3.5,7.7
Kyle O'Quinn,C,29,PHI,26,1,258,4.9,10.0,.486,1.0,3.2,.304,3.9,6.8,.571,1.4,2.7,.526,4.5,9.2,13.7,4.9,0.7,3.1,2.5,4.9,12.1
Semi Ojeleye,PF,25,BOS,61,5,891,2.6,6.4,.409,1.5,4.0,.367,1.2,2.5,.475,1.0,1.1,.893,1.0,4.0,5.0,1.3,0.7,0.2,0.5,2.5,7.7
Jahlil Okafor,C,24,NOP,28,9,424,7.5,12.2,.611,0.1,0.2,.500,7.4,12.1,.613,3.1,4.9,.638,3.9,6.2,10.1,3.1,0.6,1.6,3.1,5.3,18.2
Elie Okobo,PG,22,PHO,54,3,707,3.7,9.2,.398,1.3,3.6,.352,2.4,5.6,.427,2.3,3.4,.687,0.8,3.7,4.5,5.8,1.2,0.2,1.9,2.7,10.9
Josh Okogie,SG,21,MIN,62,28,1547,4.0,9.3,.427,1.0,3.6,.266,3.0,5.7,.529,3.5,4.4,.796,2.0,4.2,6.2,2.3,1.6,0.6,2.0,3.2,12.4
KZ Okpala,SF,20,MIA,5,0,26,4.2,6.9,.600,0.0,1.4,.000,4.2,5.5,.750,1.4,2.8,.500,1.4,5.5,6.9,1.4,2.8,1.4,1.4,2.8,9.7
Victor Oladipo,SG,27,IND,13,10,337,6.7,17.2,.391,2.2,7.4,.304,4.5,9.8,.457,3.4,4.4,.780,0.7,3.6,4.4,4.2,1.2,0.3,3.0,2.2,19.1
Kelly Olynyk,C,28,MIA,59,6,1089,5.0,10.5,.476,2.6,6.1,.432,2.3,4.4,.538,2.3,2.7,.854,1.2,7.3,8.6,3.2,1.3,0.6,2.1,4.8,14.9
Miye Oni,SG,22,UTA,5,0,11,0.0,6.5,.000,0.0,3.3,.000,0.0,3.3,.000,0.0,0.0,,0.0,6.5,6.5,0.0,0.0,0.0,3.3,0.0,0.0
Cedi Osman,SF,24,CLE,65,65,1910,5.0,11.5,.437,2.3,6.1,.383,2.7,5.4,.497,1.2,1.8,.670,0.7,3.6,4.4,2.9,1.0,0.3,1.7,3.0,13.5
Kelly Oubre Jr.,SF,24,PHO,56,55,1933,6.9,15.4,.452,2.0,5.7,.352,4.9,9.7,.511,3.6,4.6,.780,1.2,5.5,6.7,1.6,1.3,0.7,1.5,3.6,19.5
Tariq Owens,PF,24,PHO,3,0,15,2.4,12.0,.200,0.0,4.8,.000,2.4,7.2,.333,4.8,4.8,1.000,4.8,2.4,7.2,0.0,2.4,0.0,0.0,2.4,9.6
Jeremy Pargo,PG,33,GSW,3,0,44,9.0,18.0,.500,2.5,5.7,.429,6.5,12.3,.533,0.0,0.8,.000,0.8,1.6,2.5,6.5,0.8,0.0,3.3,6.5,20.5
,,,,,,,,,,,,,,,,,,,,,,,,,,,
Jabari Parker,PF,24,TOT,33,23,852,8.4,16.9,.499,1.3,4.9,.267,7.1,12.0,.594,2.3,3.1,.743,2.3,6.0,8.2,2.5,1.8,0.6,2.5,4.0,20.5
Jabari Parker,PF,24,ATL,32,23,837,8.5,16.9,.504,1.3,4.9,.270,7.2,12.0,.601,2.3,3.1,.736,2.3,5.9,8.2,2.5,1.8,0.6,2.6,4.0,20.6
Jabari Parker,PF,24,SAC,1,0,15,2.4,14.4,.167,0.0,2.4,.000,2.4,12.0,.200,4.8,4.8,1.000,0.0,9.6,9.6,4.8,0.0,0.0,0.0,2.4,9.6
Chandler Parsons,SF,31,ATL,5,0,54,3.3,12.0,.278,2.7,9.3,.286,0.7,2.7,.250,0.0,0.0,,0.7,4.0,4.7,2.0,2.7,0.7,2.0,2.0,9.3
Eric Paschall,PF,23,GSW,60,26,1654,6.9,13.9,.497,0.8,2.8,.287,6.1,11.1,.550,3.6,4.6,.774,1.8,4.2,6.0,2.8,0.7,0.3,2.0,2.7,18.2
Anzejs Pasecniks,C,24,WAS,24,0,405,5.0,9.4,.528,0.0,0.2,.000,5.0,9.2,.538,2.8,4.8,.593,3.5,5.3,8.8,1.5,0.7,1.1,2.0,5.8,12.8
Patrick Patterson,PF,30,LAC,51,18,607,4.5,11.1,.404,3.3,8.4,.387,1.2,2.7,.457,1.6,2.0,.794,1.8,5.4,7.2,1.8,0.4,0.2,1.1,2.4,13.9
Justin Patton,C,22,OKC,5,0,24,6.0,15.0,.400,1.5,6.0,.250,4.5,9.0,.500,0.0,0.0,,1.5,6.0,7.5,3.0,0.0,0.0,3.0,6.0,13.5
Chris Paul,PG,34,OKC,63,63,2003,7.1,14.5,.489,1.8,5.0,.362,5.3,9.5,.557,4.0,4.5,.900,0.4,5.2,5.6,7.7,1.8,0.2,2.5,2.5,20.0
Elfrid Payton,PG,25,NYK,45,36,1246,5.6,12.7,.439,0.4,2.0,.203,5.2,10.7,.482,1.4,2.5,.570,1.5,4.6,6.1,9.3,2.0,0.5,2.8,2.6,13.0
Gary Payton II,PG,27,WAS,29,17,432,4.0,9.7,.414,1.1,3.8,.283,2.9,5.8,.500,0.3,0.7,.500,2.2,4.5,6.7,4.0,2.7,0.6,1.7,4.5,9.4
Norvel Pelle,C,26,PHI,20,0,178,3.6,7.1,.514,0.0,0.0,,3.6,7.1,.514,1.2,2.4,.500,3.2,8.9,12.1,1.4,0.2,5.1,2.6,7.9,8.5
Theo Pinson,SG,24,BRK,33,0,365,4.4,15.3,.290,1.5,7.9,.188,3.0,7.4,.400,1.5,1.6,.938,1.0,4.3,5.3,5.5,1.7,0.4,3.3,3.5,11.8
Mason Plumlee,C,29,DEN,53,1,900,6.1,9.9,.617,0.0,0.2,.000,6.1,9.8,.627,3.0,5.5,.536,3.6,7.7,11.3,5.0,1.2,1.3,2.9,5.0,15.2
Jakob Poeltl,C,24,SAS,58,10,965,5.0,8.1,.619,0.0,0.0,,5.0,8.1,.619,1.3,2.8,.486,3.9,7.7,11.6,3.8,1.1,3.1,1.7,3.6,11.4
Vincent Poirier,C,26,BOS,21,0,114,5.1,10.4,.485,0.3,0.6,.500,4.7,9.8,.484,1.9,2.2,.857,3.2,7.6,10.7,2.2,0.6,1.9,1.9,7.3,12.3
Shamorie Ponds,PG,21,TOR,4,0,11,9.8,16.4,.600,3.3,6.5,.500,6.5,9.8,.667,6.5,6.5,1.000,0.0,3.3,3.3,6.5,0.0,3.3,0.0,6.5,29.5
Jordan Poole,SG,20,GSW,57,14,1274,4.7,14.2,.333,2.1,7.5,.279,2.6,6.7,.392,2.7,3.4,.798,0.3,3.1,3.3,3.8,1.0,0.3,2.1,2.7,14.2
Kevin Porter Jr.,SF,19,CLE,50,3,1162,5.8,13.0,.442,1.6,4.9,.335,4.1,8.1,.506,2.3,3.1,.723,0.7,4.3,5.0,3.4,1.4,0.4,2.9,4.2,15.4
Michael Porter Jr.,PF,21,DEN,48,1,670,7.6,15.3,.495,2.3,5.5,.422,5.3,9.8,.536,1.8,2.3,.767,2.8,7.8,10.7,1.9,1.1,1.0,1.9,4.0,19.2
Otto Porter,SF,26,CHI,14,9,331,6.7,15.2,.443,2.6,6.7,.387,4.1,8.5,.487,2.1,2.9,.704,1.4,3.8,5.2,2.7,1.6,0.7,1.2,3.4,18.2
Bobby Portis,C,24,NYK,66,5,1393,6.8,15.2,.450,1.7,4.8,.358,5.1,10.4,.493,1.8,2.4,.763,2.1,6.7,8.7,2.5,0.8,0.5,1.9,2.8,17.3
,,,,,,,,,,,,,,,,,,,,,,,,,,,
Kristaps Porzingis,PF,24,DAL,51,51,1597,7.6,18.2,.420,2.8,8.1,.349,4.8,10.1,.477,4.0,5.1,.776,2.0,8.9,10.9,2.0,0.8,2.4,1.9,3.5,22.1
Dwight Powell,C,28,DAL,40,37,1061,5.0,7.8,.638,0.3,1.3,.256,4.6,6.4,.716,2.5,3.8,.667,2.5,5.2,7.7,2.0,1.2,0.7,1.2,3.5,12.8
Norman Powell,SG,26,TOR,44,23,1269,7.3,14.6,.502,2.7,6.7,.398,4.7,7.9,.589,3.1,3.7,.838,0.7,3.9,4.6,2.2,1.6,0.5,1.8,2.6,20.5
Chasson Randle,PG,26,GSW,3,0,40,0.0,3.6,.000,0.0,1.8,.000,0.0,1.8,.000,4.5,5.4,.833,0.0,1.8,1.8,4.5,1.8,0.0,0.0,2.7,4.5
Julius Randle,PF,25,NYK,64,64,2080,8.0,17.4,.460,1.1,4.0,.277,6.9,13.4,.515,4.5,6.1,.733,2.6,8.2,10.8,3.4,0.9,0.4,3.3,3.1,21.6
Josh Reaves,SG,22,DAL,2,0,1,0.0,36.0,.000,0.0,0.0,,0.0,36.0,.000,0.0,0.0,,0.0,0.0,0.0,0.0,0.0,0.0,0.0,0.0,0.0
Cam Reddish,SF,20,ATL,58,34,1551,4.9,12.9,.384,1.9,5.8,.332,3.0,7.1,.428,2.3,2.9,.802,0.8,4.2,5.0,2.0,1.4,0.6,2.2,3.1,14.2
J.J. Redick,SG,35,NOP,54,35,1425,6.3,14.1,.450,3.9,8.7,.452,2.4,5.4,.446,3.7,4.1,.902,0.2,3.3,3.5,2.7,0.5,0.2,1.6,2.2,20.3
Naz Reid,C,20,MIN,30,11,495,7.3,17.7,.412,2.3,7.1,.330,4.9,10.6,.466,2.7,3.9,.698,2.5,6.5,9.0,2.5,1.4,1.6,1.6,6.0,19.6
Josh Richardson,SG,26,PHI,48,46,1474,6.0,14.0,.429,1.7,5.2,.327,4.3,8.8,.489,2.5,3.1,.789,0.9,3.1,4.0,3.6,1.1,0.8,2.2,2.9,16.2
Austin Rivers,SG,27,HOU,60,4,1402,4.7,11.1,.421,2.1,6.0,.358,2.5,5.1,.495,1.5,2.3,.667,0.6,3.0,3.6,2.5,1.1,0.3,0.9,2.9,13.0
Duncan Robinson,SF,25,MIA,65,60,1949,5.3,11.3,.467,4.5,10.0,.448,0.8,1.3,.614,0.9,1.0,.906,0.2,3.7,3.9,1.7,0.6,0.3,1.1,3.3,15.9
Glenn Robinson III,SF,26,TOT,60,52,1743,5.8,11.9,.486,1.5,3.9,.387,4.3,8.0,.535,1.5,1.7,.867,1.6,3.8,5.4,2.0,1.1,0.3,1.1,2.0,14.6
Glenn Robinson III,SF,26,GSW,48,48,1516,5.8,12.0,.481,1.6,4.0,.400,4.2,8.0,.522,1.5,1.8,.851,1.6,3.8,5.4,2.0,1.1,0.3,1.2,1.9,14.7
Glenn Robinson III,SF,26,PHI,12,4,227,5.9,11.3,.521,1.0,3.3,.286,4.9,7.9,.620,1.4,1.4,1.000,1.9,3.5,5.4,1.7,1.3,0.3,0.5,2.4,14.1
Jerome Robinson,SG,22,TOT,55,4,748,3.6,10.4,.347,1.5,5.0,.298,2.1,5.4,.393,1.0,1.4,.690,0.4,4.7,5.1,3.1,1.1,0.7,1.6,4.0,9.7
Jerome Robinson,SG,22,LAC,42,1,476,3.5,10.3,.338,1.4,5.1,.284,2.0,5.2,.391,0.8,1.4,.579,0.4,4.2,4.5,3.5,1.0,0.6,2.0,4.2,9.2
Jerome Robinson,SG,22,WAS,13,3,272,3.8,10.6,.363,1.6,4.9,.324,2.3,5.7,.395,1.2,1.3,.900,0.5,5.6,6.1,2.5,1.2,0.8,1.1,3.7,10.5
Justin Robinson,PG,22,WAS,9,0,49,3.7,8.8,.417,2.2,3.7,.600,1.5,5.1,.286,0.0,0.0,,0.7,2.9,3.7,5.1,0.0,0.7,2.2,1.5,9.6
Mitchell Robinson,C,21,NYK,61,7,1412,6.5,8.7,.742,0.0,0.0,,6.5,8.7,.742,2.1,3.8,.568,4.7,6.2,10.9,0.9,1.3,3.0,0.9,4.9,15.0
Isaiah Roby,SF,21,OKC,3,0,11,0.0,3.3,.000,0.0,0.0,,0.0,3.3,.000,0.0,0.0,,0.0,6.5,6.5,0.0,0.0,0.0,3.3,3.3,0.0
Rajon Rondo,PG,33,LAL,48,3,984,5.0,12.0,.418,1.5,4.6,.328,3.5,7.4,.473,1.0,1.5,.659,0.8,4.4,5.2,8.8,1.5,0.1,3.3,2.1,12.5
Derrick Rose,PG,31,DET,50,15,1298,10.2,20.9,.490,1.2,4.1,.306,9.0,16.8,.535,3.4,3.9,.871,0.7,2.6,3.4,7.7,1.1,0.4,3.5,1.4,25.1
Terrence Ross,SG,28,ORL,63,0,1723,6.6,16.2,.407,3.4,9.5,.357,3.2,6.7,.477,2.8,3.4,.845,0.3,4.0,4.2,1.5,1.4,0.5,1.3,2.0,19.4
,,,,,,,,,,,,,,,,,,,,,,,,,,,
Terry Rozier,PG,25,CHO,63,63,2164,6.6,15.7,.423,2.9,7.0,.407,3.8,8.6,.436,2.8,3.2,.874,0.8,3.8,4.6,4.3,1.0,0.2,2.3,2.1,18.9
Ricky Rubio,PG,29,PHO,57,57,1802,5.0,12.2,.412,1.3,3.8,.351,3.7,8.5,.440,3.5,4.1,.853,0.8,4.5,5.3,10.1,1.8,0.2,3.1,2.9,14.9
D'Angelo Russell,PG,23,TOT,45,45,1452,8.9,21.0,.426,3.9,10.7,.367,5.0,10.3,.487,4.0,4.9,.809,0.4,4.0,4.4,7.1,1.2,0.3,3.6,2.1,25.8
D'Angelo Russell,PG,23,GSW,33,33,1060,9.3,21.6,.430,4.1,10.9,.374,5.2,10.7,.487,3.8,4.9,.785,0.5,3.7,4.1,7.0,1.1,0.3,3.4,2.2,26.5
D'Angelo Russell,PG,23,MIN,12,12,392,8.0,19.4,.412,3.5,10.1,.345,4.5,9.3,.485,4.4,5.1,.873,0.3,4.8,5.1,7.3,1.6,0.4,4.2,2.0,23.9
Domantas Sabonis,C,23,IND,62,62,2159,7.6,14.1,.540,0.3,1.1,.254,7.4,13.0,.565,3.6,4.9,.723,3.2,9.7,12.9,5.2,0.8,0.5,2.8,3.3,19.1
Luka Samanic,PF,20,SAS,1,0,12,0.0,12.0,.000,0.0,6.0,.000,0.0,6.0,.000,0.0,0.0,,0.0,6.0,6.0,9.0,0.0,0.0,0.0,0.0,0.0
JaKarr Sampson,SF,26,IND,26,10,340,5.1,8.6,.593,0.2,1.4,.154,4.9,7.2,.676,1.2,2.1,.550,1.6,4.7,6.2,1.0,1.0,1.0,0.7,4.6,11.5
Dario Saric,PF,25,PHO,58,50,1441,5.4,11.7,.462,1.8,5.3,.341,3.6,6.4,.563,2.0,2.4,.832,2.2,6.4,8.6,2.7,0.8,0.4,1.8,3.3,14.6
Tomas Satoransky,PG,28,CHI,65,64,1878,4.5,10.6,.430,1.2,3.8,.322,3.3,6.7,.491,2.0,2.3,.876,1.5,3.4,4.9,6.8,1.5,0.1,2.5,2.6,12.3
Admiral Schofield,SF,22,WAS,27,2,293,3.7,9.2,.400,1.7,5.8,.298,2.0,3.4,.571,1.1,1.6,.692,0.7,3.4,4.2,1.7,1.0,0.4,0.9,5.0,10.2
Dennis Schroder,PG,26,OKC,63,1,1952,8.2,17.4,.468,2.3,5.9,.381,5.9,11.5,.512,3.6,4.2,.839,0.4,3.9,4.3,4.7,0.8,0.3,2.9,2.5,22.1
Mike Scott,PF,31,PHI,63,10,1119,4.2,10.3,.408,2.3,6.6,.358,1.8,3.7,.496,0.8,1.0,.833,1.9,5.4,7.2,1.5,0.6,0.2,0.8,2.7,11.5
Thabo Sefolosha,PF,35,HOU,41,0,436,3.1,7.5,.407,1.2,4.5,.278,1.8,3.1,.595,0.2,0.7,.375,1.7,5.9,7.7,2.1,2.0,1.0,1.2,3.6,7.6
Collin Sexton,SG,21,CLE,65,65,2143,8.6,18.2,.472,1.6,4.3,.380,7.0,14.0,.501,3.8,4.5,.846,1.0,2.4,3.4,3.2,1.1,0.1,2.7,2.4,22.7
Landry Shamet,SG,22,LAC,47,27,1294,4.1,9.8,.416,2.9,7.5,.392,1.1,2.3,.494,1.6,1.8,.905,0.2,2.3,2.5,2.4,0.5,0.3,1.0,3.6,12.6
Marial Shayok,SG,24,PHI,2,0,10,3.6,18.0,.200,3.6,10.8,.333,0.0,7.2,.000,0.0,0.0,,0.0,10.8,10.8,3.6,0.0,0.0,3.6,0.0,10.8
Iman Shumpert,SG,29,BRK,13,0,241,3.1,9.6,.328,1.2,4.9,.242,1.9,4.6,.419,0.6,1.0,.571,1.3,3.7,5.1,1.8,1.8,0.3,1.5,3.1,8.1
Pascal Siakam,PF,25,TOR,53,53,1882,8.8,19.1,.459,2.2,6.1,.359,6.6,13.0,.506,4.2,5.3,.800,1.1,6.5,7.6,3.7,1.0,0.9,2.5,2.9,24.0
Chris Silva,PF,23,MIA,41,0,307,5.0,8.1,.623,0.0,0.2,.000,5.0,7.9,.642,4.0,5.7,.694,6.3,6.4,12.8,2.5,1.1,2.1,3.6,9.4,14.1
Ben Simmons,PG,23,PHI,54,54,1930,6.7,11.5,.585,0.0,0.1,.333,6.7,11.4,.588,3.3,5.3,.627,2.0,5.9,7.9,8.2,2.1,0.6,3.6,3.2,16.8
Anfernee Simons,SG,20,POR,65,4,1400,5.4,13.5,.402,1.9,5.6,.338,3.5,7.9,.448,2.0,2.4,.826,0.6,3.1,3.8,2.4,0.7,0.3,1.6,3.4,14.7
,,,,,,,,,,,,,,,,,,,,,,,,,,,
Alen Smailagic,PF,19,GSW,14,0,139,5.2,10.4,.500,0.8,3.4,.231,4.4,7.0,.630,4.1,4.9,.842,2.6,4.4,7.0,3.4,0.8,1.0,2.8,3.6,15.3
Marcus Smart,SG,25,BOS,53,39,1721,5.0,13.2,.380,2.7,7.7,.348,2.3,5.5,.424,2.2,2.7,.835,0.8,3.4,4.3,5.4,1.8,0.6,1.9,3.0,14.9
Dennis Smith Jr.,PG,22,NYK,34,3,537,4.8,14.1,.341,1.1,3.6,.296,3.8,10.5,.357,1.8,3.6,.509,1.4,3.8,5.2,6.6,1.9,0.5,3.9,4.4,12.5
Ish Smith,PG,31,WAS,60,19,1570,6.0,13.3,.451,1.3,3.4,.367,4.7,9.9,.480,1.1,1.6,.686,0.6,3.7,4.3,6.5,1.2,0.6,1.8,1.9,14.4
Zhaire Smith,SG,20,PHI,7,0,32,3.4,12.4,.273,0.0,3.4,.000,3.4,9.0,.375,2.3,4.5,.500,0.0,2.3,2.3,2.3,3.4,0.0,2.3,4.5,9.0
Tony Snell,SF,28,DET,59,57,1641,3.7,8.4,.445,2.2,5.6,.402,1.5,2.8,.531,0.7,0.7,1.000,0.2,2.2,2.4,2.8,0.7,0.3,0.7,2.2,10.4
Omari Spellman,PF,22,GSW,49,3,886,5.2,12.0,.431,1.7,4.5,.391,3.4,7.5,.454,3.0,3.7,.793,3.1,5.8,8.9,1.9,1.3,1.0,2.2,2.6,15.0
Max Strus,SG,23,CHI,2,0,6,12.0,18.0,.667,0.0,6.0,.000,12.0,12.0,1.000,6.0,6.0,1.000,6.0,0.0,6.0,0.0,0.0,0.0,0.0,6.0,30.0
Edmond Sumner,PG,24,IND,25,2,345,4.9,11.6,.423,1.0,4.0,.263,3.9,7.6,.507,1.0,1.6,.667,1.0,2.8,3.9,4.1,1.6,0.8,2.0,3.7,11.9
Caleb Swanigan,PF,22,TOT,27,1,288,3.5,5.9,.596,0.0,0.2,.000,3.5,5.6,.622,1.1,2.1,.529,3.4,9.1,12.5,3.9,0.4,0.9,4.6,7.7,8.1
Caleb Swanigan,PF,22,SAC,7,0,23,3.1,6.3,.500,0.0,0.0,,3.1,6.3,.500,1.6,3.1,.500,3.1,7.8,11.0,3.1,1.6,3.1,9.4,12.5,7.8
Caleb Swanigan,PF,22,POR,20,1,265,3.5,5.8,.605,0.0,0.3,.000,3.5,5.6,.634,1.1,2.0,.533,3.4,9.2,12.6,3.9,0.3,0.7,4.2,7.3,8.2
Jayson Tatum,PF,21,BOS,59,59,2043,8.8,19.6,.448,2.9,7.4,.398,5.9,12.2,.479,4.0,4.9,.806,1.0,6.4,7.4,3.1,1.5,0.9,2.3,2.1,24.5
Jeff Teague,PG,31,TOT,59,17,1464,5.2,12.0,.436,1.1,2.9,.368,4.2,9.1,.457,4.2,4.8,.873,0.7,2.8,3.5,7.6,1.1,0.5,2.9,2.6,15.8
Jeff Teague,PG,31,MIN,34,13,945,5.5,12.3,.448,1.3,3.3,.379,4.3,9.0,.473,4.8,5.5,.868,0.6,2.8,3.4,7.9,1.0,0.5,2.9,2.7,17.1
Jeff Teague,PG,31,ATL,25,4,519,4.7,11.4,.412,0.7,2.1,.333,4.0,9.4,.430,3.3,3.7,.887,0.8,2.9,3.7,6.9,1.3,0.4,2.8,2.5,13.4
Garrett Temple,SG,33,BRK,55,31,1547,4.6,12.2,.378,2.6,8.1,.324,2.0,4.1,.483,1.3,1.7,.767,0.7,3.8,4.4,3.3,1.0,0.6,1.3,2.2,13.1
Daniel Theis,C,27,BOS,58,57,1382,5.6,10.0,.565,0.7,2.1,.321,4.9,7.8,.631,2.1,2.8,.764,3.4,6.5,9.9,2.5,0.9,2.0,1.3,5.2,14.0
Isaiah Thomas,PG,30,WAS,40,37,925,6.8,16.6,.408,3.0,7.4,.413,3.7,9.2,.405,2.4,3.0,.816,0.4,2.2,2.6,5.7,0.5,0.2,3.0,3.0,19.0
Khyri Thomas,SG,23,DET,8,0,61,3.0,10.0,.294,3.0,8.3,.357,0.0,1.8,.000,1.2,2.4,.500,0.6,0.0,0.6,1.8,1.8,0.0,1.8,5.3,10.0
Matt Thomas,SG,25,TOR,33,0,321,6.1,12.4,.486,3.9,8.4,.467,2.1,4.0,.528,0.8,1.1,.700,0.8,4.6,5.4,1.9,0.9,0.0,1.3,3.5,16.8
Tristan Thompson,C,28,CLE,57,51,1721,6.0,11.8,.512,0.2,0.5,.391,5.8,11.3,.518,2.1,3.4,.615,4.7,7.3,12.1,2.5,0.7,1.0,2.2,2.6,14.3
Matisse Thybulle,SG,22,PHI,57,13,1110,3.1,7.6,.410,1.6,4.6,.352,1.5,3.0,.500,0.8,1.3,.610,1.1,1.7,2.8,2.3,2.6,1.3,1.5,3.9,8.7
Anthony Tolliver,PF,34,TOT,47,9,732,2.7,7.6,.348,1.9,6.0,.322,0.7,1.7,.441,0.9,1.2,.720,1.5,5.1,6.5,1.6,0.7,0.5,1.5,3.1,8.1
Anthony Tolliver,PF,34,POR,33,9,554,2.8,7.6,.368,1.9,5.8,.337,0.8,1.8,.464,0.8,1.2,.684,1.8,5.4,7.1,1.9,0.5,0.6,1.4,3.5,8.4
Anthony Tolliver,PF,34,SAC,9,0,82,1.3,7.5,.176,0.9,6.6,.133,0.4,0.9,.500,0.4,0.9,.500,0.9,4.0,4.8,1.3,1.8,0.4,1.8,2.6,4.0
Anthony Tolliver,PF,34,MEM,5,0,96,3.0,7.9,.381,2.6,6.4,.412,0.4,1.5,.250,1.5,1.5,1.000,0.4,4.1,4.5,0.4,1.1,0.4,1.9,1.5,10.1
,,,,,,,,,,,,,,,,,,,,,,,,,,,
Juan Toscano-Anderson,SF,26,GSW,13,6,272,3.8,8.3,.460,1.1,3.0,.348,2.8,5.3,.525,0.4,0.7,.600,1.2,5.7,6.9,3.4,1.7,0.7,2.1,4.0,9.1
Karl-Anthony Towns,C,24,MIN,35,35,1187,9.6,18.9,.508,3.5,8.4,.412,6.1,10.5,.586,5.5,6.9,.796,2.9,8.6,11.5,4.6,1.0,1.3,3.3,3.5,28.1
Gary Trent Jr.,SG,21,POR,53,8,1059,5.1,11.9,.426,2.7,6.8,.388,2.4,5.1,.477,1.0,1.2,.833,0.7,2.3,3.0,1.7,1.3,0.4,0.6,2.3,13.8
Allonzo Trier,PG,24,NYK,24,1,291,6.3,13.1,.481,2.4,6.6,.358,4.0,6.6,.604,4.2,5.3,.791,0.7,2.8,3.6,3.5,0.4,0.5,2.7,3.6,19.2
P.J. Tucker,PF,34,HOU,64,64,2203,2.6,6.1,.433,1.6,4.2,.370,1.1,1.9,.573,0.6,0.7,.841,1.7,5.5,7.2,1.7,1.1,0.5,1.1,3.4,7.5
Rayjon Tucker,SG,22,UTA,14,0,78,3.7,8.8,.421,0.0,2.8,.000,3.7,6.0,.615,1.4,2.3,.600,0.9,5.1,6.0,0.9,0.5,0.0,1.4,3.2,8.8
Evan Turner,PG,31,ATL,19,0,251,3.6,9.6,.373,0.0,0.7,.000,3.6,8.9,.403,1.7,2.0,.857,1.1,4.3,5.5,5.5,1.3,1.1,3.7,2.9,8.9
Myles Turner,C,23,IND,55,55,1628,5.2,11.4,.451,1.7,5.1,.336,3.4,6.4,.542,2.4,3.2,.750,1.5,6.4,8.0,1.3,0.9,2.7,1.5,3.1,14.4
Jarrod Uthoff,SF,26,MEM,4,0,14,2.6,18.0,.143,0.0,10.3,.000,2.6,7.7,.333,5.1,5.1,1.000,2.6,0.0,2.6,0.0,2.6,0.0,0.0,2.6,10.3
Jonas Valanciunas,C,27,MEM,62,62,1630,8.5,14.5,.586,0.6,1.7,.367,7.9,12.8,.616,2.7,3.7,.732,4.2,11.2,15.4,2.4,0.6,1.5,2.4,3.5,20.4
Denzel Valentine,SF,26,CHI,36,5,488,7.2,17.5,.409,3.4,10.1,.336,3.8,7.4,.510,0.4,0.6,.750,0.7,4.8,5.5,3.2,1.9,0.4,1.9,3.8,18.1
Jarred Vanderbilt,SF-PF,20,TOT,11,0,46,3.9,6.3,.625,0.0,0.8,.000,3.9,5.5,.714,1.6,1.6,1.000,2.3,4.7,7.0,1.6,2.3,0.8,5.5,4.7,9.4
Jarred Vanderbilt,SF,20,DEN,9,0,41,4.4,6.1,.714,0.0,0.0,,4.4,6.1,.714,0.0,0.0,,2.6,4.4,7.0,1.8,2.6,0.9,6.1,5.3,8.8
Jarred Vanderbilt,PF,20,MIN,2,0,5,0.0,7.2,.000,0.0,7.2,.000,0.0,0.0,,14.4,14.4,1.000,0.0,7.2,7.2,0.0,0.0,0.0,0.0,0.0,14.4
Fred VanVleet,PG,25,TOR,48,48,1719,6.0,14.7,.409,2.7,7.1,.388,3.3,7.6,.430,2.9,3.5,.843,0.4,3.4,3.8,6.6,1.9,0.3,2.3,2.5,17.7
Gabe Vincent,PG,23,MIA,6,0,42,3.4,16.3,.211,3.4,13.7,.250,0.0,2.6,.000,0.0,0.0,,0.0,2.6,2.6,2.6,0.9,0.0,0.0,1.7,10.3
Noah Vonleh,C-PF,24,TOT,33,1,364,4.9,8.8,.562,0.3,1.5,.200,4.6,7.3,.635,2.4,3.0,.800,3.7,8.5,12.2,2.7,1.1,0.6,2.1,3.8,12.6
Noah Vonleh,C,24,MIN,29,1,347,4.9,8.9,.547,0.2,1.5,.143,4.7,7.5,.625,2.4,2.9,.821,3.5,8.5,12.0,2.7,1.1,0.6,2.0,3.7,12.3
Noah Vonleh,PF,24,DEN,4,0,17,6.4,6.4,1.000,2.1,2.1,1.000,4.2,4.2,1.000,2.1,4.2,.500,6.4,8.5,14.8,2.1,0.0,0.0,4.2,4.2,16.9
Nikola Vucevic,C,29,ORL,54,54,1763,8.7,18.6,.470,1.7,5.1,.329,7.1,13.5,.523,2.3,3.0,.781,2.7,9.5,12.2,4.1,0.9,1.0,1.6,2.5,21.5
Dean Wade,PF,23,CLE,12,0,71,4.6,6.6,.692,1.0,2.0,.500,3.5,4.6,.778,0.0,0.5,.000,1.5,8.1,9.6,1.0,1.0,2.0,1.5,4.1,10.1
Moritz Wagner,C,22,WAS,37,5,707,6.7,11.6,.575,1.2,3.4,.343,5.5,8.2,.671,3.4,4.2,.817,2.6,7.2,9.8,2.5,1.1,0.9,2.8,6.8,17.9
Dion Waiters,SG,28,MIA,3,0,42,8.6,22.3,.385,6.9,14.6,.471,1.7,7.7,.222,0.0,0.9,.000,0.0,9.4,9.4,2.6,0.0,1.7,2.6,4.3,24.0
Kemba Walker,PG,29,BOS,50,50,1592,7.9,18.8,.421,3.7,9.9,.377,4.2,8.9,.470,4.4,5.1,.867,0.7,3.9,4.6,5.6,1.1,0.6,2.4,1.7,24.0
,,,,,,,,,,,,,,,,,,,,,,,,,,,
Lonnie Walker,SG,21,SAS,53,4,767,5.4,12.5,.434,1.4,3.3,.408,4.1,9.2,.444,1.8,2.5,.717,0.9,4.5,5.4,2.2,1.3,0.6,1.5,3.3,14.0
Tyrone Wallace,SG,25,ATL,14,0,160,3.2,9.9,.318,0.2,3.4,.067,2.9,6.5,.448,2.5,3.8,.647,0.7,4.3,5.0,2.9,1.6,0.2,2.3,4.3,9.0
Taurean Prince,SF,25,BRK,64,61,1857,5.4,14.3,.376,2.8,8.4,.339,2.6,6.0,.429,1.4,1.7,.798,1.0,6.4,7.4,2.2,1.1,0.5,2.5,3.1,15.0
Derrick Walton,PG,24,TOT,26,1,248,2.6,5.7,.462,1.5,3.5,.417,1.2,2.2,.533,1.0,1.3,.778,0.3,2.0,2.3,3.9,1.0,0.0,0.7,3.0,7.7
Derrick Walton,PG,24,LAC,23,1,222,2.8,5.8,.472,1.5,3.4,.429,1.3,2.4,.533,1.1,1.5,.778,0.3,2.1,2.4,3.6,0.6,0.0,0.6,3.1,8.1
Derrick Walton,PG,24,DET,3,0,26,1.4,4.2,.333,1.4,4.2,.333,0.0,0.0,,0.0,0.0,,0.0,1.4,1.4,6.9,4.2,0.0,1.4,2.8,4.2
Brad Wanamaker,PG,30,BOS,63,1,1215,4.0,9.4,.428,1.0,2.7,.367,3.1,6.8,.452,3.2,3.4,.931,0.6,3.1,3.7,4.7,1.5,0.4,2.1,3.6,12.2
T.J. Warren,SF,26,IND,61,61,1984,8.3,15.8,.529,1.3,3.3,.375,7.1,12.4,.571,2.7,3.4,.812,1.1,3.3,4.4,1.6,1.3,0.5,1.4,3.1,20.7
P.J. Washington,PF,21,CHO,58,57,1759,5.5,12.1,.455,1.8,4.7,.374,3.7,7.3,.507,1.8,2.8,.647,1.2,5.3,6.5,2.5,1.0,0.9,1.9,3.2,14.5
Yuta Watanabe,SG,25,MEM,16,0,99,4.4,10.5,.414,1.1,2.9,.375,3.3,7.6,.429,1.1,2.9,.375,2.2,4.0,6.2,1.5,1.8,0.4,0.7,3.3,10.9
Tremont Waters,PG,22,BOS,10,0,89,4.9,14.2,.343,1.2,6.9,.176,3.6,7.3,.500,2.4,2.4,1.000,0.0,3.6,3.6,4.9,2.0,0.8,4.0,4.4,13.3
Paul Watson,SF-SG,25,TOT,5,0,25,0.0,11.5,.000,0.0,5.8,.000,0.0,5.8,.000,1.4,2.9,.500,0.0,5.8,5.8,7.2,1.4,1.4,0.0,1.4,1.4
Paul Watson,SG,25,ATL,2,0,17,0.0,14.8,.000,0.0,6.4,.000,0.0,8.5,.000,0.0,0.0,,0.0,4.2,4.2,6.4,2.1,0.0,0.0,2.1,0.0
Paul Watson,SF,25,TOR,3,0,8,0.0,4.5,.000,0.0,4.5,.000,0.0,0.0,,4.5,9.0,.500,0.0,9.0,9.0,9.0,0.0,4.5,0.0,0.0,4.5
Quinndary Weatherspoon,SG,23,SAS,3,0,15,0.0,7.2,.000,0.0,2.4,.000,0.0,4.8,.000,0.0,0.0,,0.0,2.4,2.4,2.4,0.0,0.0,0.0,0.0,0.0
Russell Westbrook,PG,31,HOU,53,53,1905,10.7,22.7,.474,1.0,3.8,.254,9.8,18.9,.518,5.1,6.5,.777,1.8,6.3,8.1,7.0,1.7,0.3,4.5,3.5,27.5
Coby White,SG,19,CHI,65,1,1674,6.7,17.0,.394,2.9,8.1,.354,3.8,8.9,.430,2.2,2.8,.791,0.6,4.3,4.9,3.8,1.1,0.1,2.3,2.5,18.5
Derrick White,SG,25,SAS,61,13,1468,5.2,11.4,.459,1.4,3.9,.356,3.8,7.5,.513,3.7,4.3,.857,0.7,4.0,4.7,5.1,1.0,1.3,1.8,3.3,15.5
Hassan Whiteside,C,30,POR,61,61,1911,7.9,12.7,.618,0.1,0.1,.571,7.8,12.6,.619,2.9,4.2,.680,4.6,11.8,16.4,1.4,0.5,3.5,2.2,3.4,18.7
Andrew Wiggins,SF-SG,24,TOT,54,54,1858,8.5,18.9,.447,2.2,6.5,.332,6.3,12.5,.506,3.7,5.2,.709,1.3,4.0,5.3,3.8,0.9,1.0,2.6,2.5,22.8
Andrew Wiggins,SF,24,MIN,42,42,1455,8.7,19.5,.444,2.3,6.8,.331,6.4,12.7,.505,3.7,5.1,.720,1.2,4.2,5.4,3.8,0.7,0.9,2.6,2.5,23.3
Andrew Wiggins,SG,24,GSW,12,12,403,7.7,16.8,.457,1.8,5.3,.339,5.9,11.5,.512,3.7,5.4,.672,1.6,3.3,4.9,3.8,1.4,1.5,2.2,2.3,20.8
Grant Williams,PF,21,BOS,62,5,970,3.0,7.1,.417,0.8,3.2,.247,2.2,4.0,.551,1.4,1.9,.725,2.2,4.0,6.1,2.3,1.0,1.2,1.7,5.5,8.1
Johnathan Williams,C,24,WAS,11,5,135,4.3,6.7,.640,0.0,0.5,.000,4.3,6.1,.696,0.8,1.3,.600,4.0,7.5,11.5,1.6,0.3,1.6,1.1,2.9,9.3
Kenrich Williams,PF,25,NOP,35,18,779,2.3,6.6,.343,1.2,4.4,.260,1.1,2.2,.511,0.4,1.1,.375,2.3,6.0,8.2,2.4,1.2,1.0,1.0,3.7,6.1
Lou Williams,SG,33,LAC,60,8,1757,7.5,18.1,.416,2.2,6.0,.363,5.3,12.0,.442,5.7,6.6,.863,0.6,3.2,3.8,7.0,0.8,0.2,3.5,1.6,22.9
,,,,,,,,,,,,,,,,,,,,,,,,,,,
Marvin Williams,PF,33,TOT,52,1,1011,3.9,8.9,.442,1.9,5.1,.361,2.1,3.7,.552,1.7,1.9,.870,0.7,4.6,5.3,2.0,1.2,0.9,1.0,3.3,11.4
Marvin Williams,PF,33,CHO,41,1,808,4.2,9.4,.448,2.0,5.2,.376,2.2,4.1,.538,1.9,2.2,.860,0.7,4.2,4.9,1.8,1.2,1.0,1.1,3.2,12.3
Marvin Williams,PF,33,MIL,11,0,203,2.8,6.9,.410,1.4,4.8,.296,1.4,2.1,.667,0.7,0.7,1.000,0.9,6.0,6.9,2.7,1.6,0.7,0.5,4.1,7.8
Robert Williams,C,22,BOS,23,1,323,4.7,6.9,.677,0.0,0.0,,4.7,6.9,.677,1.6,2.8,.560,3.8,8.2,12.0,2.5,2.2,3.1,2.2,4.5,10.9
Nigel Williams-Goss,PG,25,UTA,9,0,28,1.3,9.0,.143,0.0,2.6,.000,1.3,6.4,.200,2.6,2.6,1.000,2.6,3.9,6.4,6.4,1.3,1.3,2.6,2.6,5.1
Zion Williamson,PF,19,NOP,19,19,565,11.0,18.6,.589,0.4,0.8,.462,10.6,17.8,.595,6.2,9.7,.645,3.5,4.7,8.2,2.6,1.0,0.6,3.2,2.0,28.5
D.J. Wilson,PF,23,MIL,31,0,280,5.1,13.0,.396,1.8,7.1,.255,3.3,5.9,.565,0.8,1.2,.667,1.3,7.5,8.7,2.8,0.3,0.6,1.9,3.3,12.9
Justise Winslow,SF,23,MIA,11,5,352,5.1,13.2,.388,0.6,2.8,.222,4.5,10.4,.431,1.8,2.8,.667,1.6,5.8,7.5,4.5,0.7,0.5,2.5,3.9,12.7
Christian Wood,PF,24,DET,62,12,1325,7.8,13.8,.567,1.5,3.8,.386,6.4,10.0,.636,4.9,6.6,.744,2.8,7.8,10.6,1.6,0.9,1.5,2.3,2.7,22.0
Delon Wright,SG,27,DAL,65,5,1412,4.6,9.7,.470,1.1,3.0,.385,3.4,6.7,.508,1.8,2.3,.789,1.7,4.9,6.6,5.6,1.9,0.5,1.7,2.1,12.1
Justin Wright-Foreman,PG,22,UTA,1,0,2,0.0,0.0,,0.0,0.0,,0.0,0.0,,0.0,0.0,,0.0,0.0,0.0,0.0,0.0,0.0,0.0,0.0,0.0
Thaddeus Young,PF,31,CHI,64,16,1591,6.1,13.6,.448,1.8,5.0,.356,4.3,8.6,.501,1.0,1.6,.583,2.1,5.0,7.1,2.6,2.1,0.5,2.3,3.0,14.9
Trae Young,PG,21,ATL,60,60,2120,9.3,21.2,.437,3.5,9.6,.361,5.8,11.6,.501,8.2,9.5,.860,0.5,3.8,4.3,9.5,1.1,0.1,4.9,1.8,30.2
Cody Zeller,C,27,CHO,58,39,1341,6.7,12.9,.524,0.5,2.0,.240,6.3,10.8,.577,3.3,4.8,.682,4.3,6.7,11.0,2.4,1.1,0.7,2.0,3.8,17.2
Ante Zizic,C,23,CLE,22,0,221,6.7,11.7,.569,0.0,0.0,,6.7,11.7,.569,2.3,3.1,.737,2.9,7.8,10.8,1.0,1.1,0.8,1.6,4.4,15.6
Ivica Zubac,C,22,LAC,64,62,1156,6.3,10.5,.601,0.0,0.1,.000,6.3,10.4,.605,3.3,4.4,.759,5.2,9.2,14.4,2.1,0.4,1.9,1.7,4.5,15.9
,,,,,,,,,,,,,,,,,,,,,,,,,,,
,,,,,,,,,,,,,,,,,,,,,,,,,,,
,,,,,,,,,,,,,,,,,,,,,,,,,,,
,,,,,,,,,,,,,,,,,,,,,,,,,,,
,,,,,,,,,,,,,,,,,,,,,,,,,,,
,,,,,,,,,,,,,,,,,,,,,,,,,,,
,,,,,,,,,,,,,,,,,,,,,,,,,,,
,,,,,,,,,,,,,,,,,,,,,,,,,,,
,,,,,,,,,,,,,,,,,,,,,,,,,,,
,,,,,,,,,,,,,,,,,,,,,,,,,,,
,,,,,,,,,,,,,,,,,,,,,,,,,,,
,,,,,,,,,,,,,,,,,,,,,,,,,,,
,,,,,,,,,,,,,,,,,,,,,,,,,,,
,,,,,,,,,,,,,,,,,,,,,,,,,,,
,,,,,,,,,,,,,,,,,,,,,,,,,,,
,,,,,,,,,,,,,,,,,,,,,,,,,,,
,,,,,,,,,,,,,,,,,,,,,,,,,,,
,,,,,,,,,,,,,,,,,,,,,,,,,,,
,,,,,,,,,,,,,,,,,,,,,,,,,,,
,,,,,,,,,,,,,,,,,,,,,,,,,,,
,,,,,,,,,,,,,,,,,,,,,,,,,,,
,,,,,,,,,,,,,,,,,,,,,,,,,,,
,,,,,,,,,,,,,,,,,,,,,,,,,,,
,,,,,,,,,,,,,,,,,,,,,,,,,,,
,,,,,,,,,,,,,,,,,,,,,,,,,,,
,,,,,,,,,,,,,,,,,,,,,,,,,,,
,,,,,,,,,,,,,,,,,,,,,,,,,,,
,,,,,,,,,,,,,,,,,,,,,,,,,,,
,,,,,,,,,,,,,,,,,,,,,,,,,,,
,,,,,,,,,,,,,,,,,,,,,,,,,,,
,,,,,,,,,,,,,,,,,,,,,,,,,,,
,,,,,,,,,,,,,,,,,,,,,,,,,,,
,,,,,,,,,,,,,,,,,,,,,,,,,,,
,,,,,,,,,,,,,,,,,,,,,,,,,,,
,,,,,,,,,,,,,,,,,,,,,,,,,,,
,,,,,,,,,,,,,,,,,,,,,,,,,,,
,,,,,,,,,,,,,,,,,,,,,,,,,,,
,,,,,,,,,,,,,,,,,,,,,,,,,,,
,,,,,,,,,,,,,,,,,,,,,,,,,,,
,,,,,,,,,,,,,,,,,,,,,,,,,,,
,,,,,,,,,,,,,,,,,,,,,,,,,,,
,,,,,,,,,,,,,,,,,,,,,,,,,,,
,,,,,,,,,,,,,,,,,,,,,,,,,,,
,,,,,,,,,,,,,,,,,,,,,,,,,,,
,,,,,,,,,,,,,,,,,,,,,,,,,,,
,,,,,,,,,,,,,,,,,,,,,,,,,,,
,,,,,,,,,,,,,,,,,,,,,,,,,,,
,,,,,,,,,,,,,,,,,,,,,,,,,,,
,,,,,,,,,,,,,,,,,,,,,,,,,,,
,,,,,,,,,,,,,,,,,,,,,,,,,,,
,,,,,,,,,,,,,,,,,,,,,,,,,,,
,,,,,,,,,,,,,,,,,,,,,,,,,,,
,,,,,,,,,,,,,,,,,,,,,,,,,,,
,,,,,,,,,,,,,,,,,,,,,,,,,,,
,,,,,,,,,,,,,,,,,,,,,,,,,,,
,,,,,,,,,,,,,,,,,,,,,,,,,,,
,,,,,,,,,,,,,,,,,,,,,,,,,,,
,,,,,,,,,,,,,,,,,,,,,,,,,,,
,,,,,,,,,,,,,,,,,,,,,,,,,,,
,,,,,,,,,,,,,,,,,,,,,,,,,,,
,,,,,,,,,,,,,,,,,,,,,,,,,,,
,,,,,,,,,,,,,,,,,,,,,,,,,,,
,,,,,,,,,,,,,,,,,,,,,,,,,,,
,,,,,,,,,,,,,,,,,,,,,,,,,,,
,,,,,,,,,,,,,,,,,,,,,,,,,,,
,,,,,,,,,,,,,,,,,,,,,,,,,,,
,,,,,,,,,,,,,,,,,,,,,,,,,,,
,,,,,,,,,,,,,,,,,,,,,,,,,,,
,,,,,,,,,,,,,,,,,,,,,,,,,,,
,,,,,,,,,,,,,,,,,,,,,,,,,,,
,,,,,,,,,,,,,,,,,,,,,,,,,,,
,,,,,,,,,,,,,,,,,,,,,,,,,,,
,,,,,,,,,,,,,,,,,,,,,,,,,,,
,,,,,,,,,,,,,,,,,,,,,,,,,,,
,,,,,,,,,,,,,,,,,,,,,,,,,,,
,,,,,,,,,,,,,,,,,,,,,,,,,,,
,,,,,,,,,,,,,,,,,,,,,,,,,,,
,,,,,,,,,,,,,,,,,,,,,,,,,,,
,,,,,,,,,,,,,,,,,,,,,,,,,,,
,,,,,,,,,,,,,,,,,,,,,,,,,,,
,,,,,,,,,,,,,,,,,,,,,,,,,,,
,,,,,,,,,,,,,,,,,,,,,,,,,,,
,,,,,,,,,,,,,,,,,,,,,,,,,,,
,,,,,,,,,,,,,,,,,,,,,,,,,,,
,,,,,,,,,,,,,,,,,,,,,,,,,,,
,,,,,,,,,,,,,,,,,,,,,,,,,,,
,,,,,,,,,,,,,,,,,,,,,,,,,,,
,,,,,,,,,,,,,,,,,,,,,,,,,,,
,,,,,,,,,,,,,,,,,,,,,,,,,,,
,,,,,,,,,,,,,,,,,,,,,,,,,,,
,,,,,,,,,,,,,,,,,,,,,,,,,,,
,,,,,,,,,,,,,,,,,,,,,,,,,,,
,,,,,,,,,,,,,,,,,,,,,,,,,,,
,,,,,,,,,,,,,,,,,,,,,,,,,,,
,,,,,,,,,,,,,,,,,,,,,,,,,,,
,,,,,,,,,,,,,,,,,,,,,,,,,,,
,,,,,,,,,,,,,,,,,,,,,,,,,,,
,,,,,,,,,,,,,,,,,,,,,,,,,,,
,,,,,,,,,,,,,,,,,,,,,,,,,,,
,,,,,,,,,,,,,,,,,,,,,,,,,,,
,,,,,,,,,,,,,,,,,,,,,,,,,,,
,,,,,,,,,,,,,,,,,,,,,,,,,,,
,,,,,,,,,,,,,,,,,,,,,,,,,,,
,,,,,,,,,,,,,,,,,,,,,,,,,,,
,,,,,,,,,,,,,,,,,,,,,,,,,,,
,,,,,,,,,,,,,,,,,,,,,,,,,,,
,,,,,,,,,,,,,,,,,,,,,,,,,,,
,,,,,,,,,,,,,,,,,,,,,,,,,,,
,,,,,,,,,,,,,,,,,,,,,,,,,,,
,,,,,,,,,,,,,,,,,,,,,,,,,,,
,,,,,,,,,,,,,,,,,,,,,,,,,,,
,,,,,,,,,,,,,,,,,,,,,,,,,,,
,,,,,,,,,,,,,,,,,,,,,,,,,,,
,,,,,,,,,,,,,,,,,,,,,,,,,,,
,,,,,,,,,,,,,,,,,,,,,,,,,,,
,,,,,,,,,,,,,,,,,,,,,,,,,,,
,,,,,,,,,,,,,,,,,,,,,,,,,,,
,,,,,,,,,,,,,,,,,,,,,,,,,,,
,,,,,,,,,,,,,,,,,,,,,,,,,,,
,,,,,,,,,,,,,,,,,,,,,,,,,,,
,,,,,,,,,,,,,,,,,,,,,,,,,,,
,,,,,,,,,,,,,,,,,,,,,,,,,,,
,,,,,,,,,,,,,,,,,,,,,,,,,,,
,,,,,,,,,,,,,,,,,,,,,,,,,,,
,,,,,,,,,,,,,,,,,,,,,,,,,,,
,,,,,,,,,,,,,,,,,,,,,,,,,,,
,,,,,,,,,,,,,,,,,,,,,,,,,,,
,,,,,,,,,,,,,,,,,,,,,,,,,,,
,,,,,,,,,,,,,,,,,,,,,,,,,,,
,,,,,,,,,,,,,,,,,,,,,,,,,,,
